market,t_off,idx,side,outcome,size,price,usdc,score,dscore,ofi,bsi,cvd,up_bid,up_ask,down_bid,down_ask,bid_sum,ask_sum,intent_before,dom_filled,opp_filled,avg_dom,avg_opp,avg_sum,imbalance,gap_to_prev_trade_s,candidate_trigger,candidate_role,confidence,predicted_opener,opener_rule,opener_match
btc-updown-5m-1777467000,6,0,BUY,Up,40.0000,0.5400,21.6000,5.0225,+0.0000,+0.6859,+0.0447,+0.0726,0.530,0.540,0.460,0.470,0.990,1.010,,0.00,0.00,0.0000,0.0000,0.0000,+0.000,,signal_open,opener_dom,high,Up,momentum_score_avg,match
btc-updown-5m-1777467000,16,1,BUY,Up,18.7800,0.5400,10.1412,6.7403,+1.7178,+0.9634,+0.7590,+1.1229,0.580,0.590,0.410,0.420,0.990,1.010,Up,40.00,0.00,0.5400,0.0000,0.0000,+1.000,10,unknown,unknown,low,Up,momentum_score_avg,
btc-updown-5m-1777467000,18,2,BUY,Up,41.0000,0.5800,23.7800,6.8836,+0.1433,+0.9757,+1.2407,+1.7130,0.640,0.650,0.350,0.360,0.990,1.010,Up,58.78,0.00,0.5400,0.0000,0.0000,+1.000,2,pyramid_signal,pyramid_dom,medium,Up,momentum_score_avg,
btc-updown-5m-1777467000,22,3,BUY,Up,42.0000,0.5982,25.1248,7.5647,+0.6812,+0.9348,+0.7970,+1.7187,0.640,0.650,0.350,0.360,0.990,1.010,Up,99.78,0.00,0.5564,0.0000,0.0000,+1.000,4,pyramid_signal,pyramid_dom,medium,Up,momentum_score_avg,
btc-updown-5m-1777467000,22,4,BUY,Up,43.0000,0.6400,27.5200,7.5647,+0.0000,+0.9348,+0.7970,+1.7187,0.640,0.650,0.350,0.360,0.990,1.010,Up,141.78,0.00,0.5688,0.0000,0.0000,+1.000,0,pyramid_signal,pyramid_dom,medium,Up,momentum_score_avg,
btc-updown-5m-1777467000,26,5,BUY,Up,42.0000,0.6200,26.0400,7.6513,+0.0866,+0.9347,+0.5581,+1.7256,0.620,0.630,0.370,0.380,0.990,1.010,Up,184.78,0.00,0.5854,0.0000,0.0000,+1.000,4,pyramid_signal,pyramid_dom,medium,Up,momentum_score_avg,
btc-updown-5m-1777467000,38,6,BUY,Down,42.0000,0.3900,16.3800,7.5135,-0.1379,+0.9392,+0.2823,+2.0132,0.620,0.630,0.370,0.380,0.990,1.010,Up,226.78,0.00,0.5918,0.0000,0.0000,+1.000,12,parity_gap,hedge_topup,medium,Up,momentum_score_avg,
btc-updown-5m-1777467000,50,7,BUY,Up,44.0000,0.6335,27.8728,7.7599,+0.2464,+0.6170,+0.3847,+2.2867,0.660,0.670,0.330,0.340,0.990,1.010,Up,226.78,42.00,0.5918,0.3900,0.9818,+0.687,12,price_drift,requote_dom,medium,Up,momentum_score_avg,
btc-updown-5m-1777467000,50,8,BUY,Up,1.5800,0.6600,1.0428,7.7599,+0.0000,+0.6170,+0.3847,+2.2867,0.660,0.670,0.330,0.340,0.990,1.010,Up,270.78,42.00,0.5986,0.3900,0.9886,+0.731,0,price_drift,requote_dom,medium,Up,momentum_score_avg,
btc-updown-5m-1777467000,50,9,BUY,Up,10.0000,0.6500,6.5000,7.7599,+0.0000,+0.6170,+0.3847,+2.2867,0.660,0.670,0.330,0.340,0.990,1.010,Up,272.36,42.00,0.5989,0.3900,0.9889,+0.733,0,price_drift,requote_dom,medium,Up,momentum_score_avg,
btc-updown-5m-1777467000,54,10,BUY,Down,44.0000,0.3325,14.6300,7.7217,-0.0382,+0.6257,+0.3253,+2.3761,0.600,0.610,0.390,0.400,0.990,1.010,Up,282.36,42.00,0.6007,0.3900,0.9907,+0.741,4,price_drift,requote_hedge,medium,Up,momentum_score_avg,
btc-updown-5m-1777467000,54,11,BUY,Down,42.0000,0.3526,14.8100,7.7217,+0.0000,+0.6257,+0.3253,+2.3761,0.600,0.610,0.390,0.400,0.990,1.010,Up,282.36,86.00,0.6007,0.3606,0.9613,+0.533,0,price_drift,requote_hedge,medium,Up,momentum_score_avg,
btc-updown-5m-1777467000,58,12,BUY,Down,41.0000,0.4188,17.1700,7.4595,-0.2622,+0.5495,+0.0776,+2.1925,0.570,0.580,0.420,0.430,0.990,1.010,Up,282.36,128.00,0.6007,0.3580,0.9587,+0.376,4,price_drift,requote_hedge,medium,Up,momentum_score_avg,
btc-updown-5m-1777467000,58,13,BUY,Down,5.0200,0.4300,2.1586,7.4595,+0.0000,+0.5495,+0.0776,+2.1925,0.570,0.580,0.420,0.430,0.990,1.010,Up,282.36,169.00,0.6007,0.3727,0.9735,+0.251,0,price_drift,requote_hedge,medium,Up,momentum_score_avg,
btc-updown-5m-1777467000,68,14,BUY,Up,42.0000,0.6100,25.6200,7.7649,+0.3054,+0.6216,+0.6597,+2.9117,0.650,0.660,0.340,0.350,0.990,1.010,Up,282.36,174.02,0.6007,0.3744,0.9751,+0.237,10,price_drift,requote_dom,medium,Up,momentum_score_avg,
btc-updown-5m-1777467000,74,15,BUY,Down,42.0000,0.3700,15.5400,7.5102,-0.2548,+0.4509,+0.2310,+2.0141,0.660,0.670,0.330,0.340,0.990,1.010,Up,324.36,174.02,0.6019,0.3744,0.9763,+0.302,6,price_drift,requote_hedge,medium,Up,momentum_score_avg,
btc-updown-5m-1777467000,90,16,BUY,Up,51.0000,0.7200,36.7200,8.3067,+0.7965,+0.4796,+0.8345,+2.2724,0.740,0.750,0.250,0.260,0.990,1.010,Up,324.36,216.02,0.6019,0.3735,0.9755,+0.200,16,price_drift,requote_dom,medium,Up,momentum_score_avg,
btc-updown-5m-1777467000,90,17,BUY,Up,50.0000,0.6859,34.2962,8.3067,+0.0000,+0.4796,+0.8345,+2.2724,0.740,0.750,0.250,0.260,0.990,1.010,Up,375.36,216.02,0.6180,0.3735,0.9915,+0.269,0,price_drift,requote_dom,medium,Up,momentum_score_avg,
btc-updown-5m-1777467000,90,18,BUY,Up,0.7573,0.7000,0.5301,8.3067,+0.0000,+0.4796,+0.8345,+2.2724,0.740,0.750,0.250,0.260,0.990,1.010,Up,425.36,216.02,0.6260,0.3735,0.9995,+0.326,0,price_drift,requote_dom,medium,Up,momentum_score_avg,
btc-updown-5m-1777467000,108,19,BUY,Up,0.9000,0.8200,0.7380,9.1247,+0.8180,+0.6557,+0.4586,+2.5079,0.840,0.850,0.150,0.160,0.990,1.010,Up,426.12,216.02,0.6261,0.3735,0.9996,+0.327,18,price_drift,requote_dom,medium,Up,momentum_score_avg,
btc-updown-5m-1777467000,182,20,BUY,Down,14.9100,0.2400,3.5784,9.2764,+0.1517,+0.7127,+0.2727,+5.8220,0.780,0.790,0.210,0.220,0.990,1.010,Up,427.02,216.02,0.6265,0.3735,1.0000,+0.328,74,price_drift,requote_hedge,medium,Up,momentum_score_avg,
btc-updown-5m-1777467300,10,0,BUY,Down,40.0000,0.5100,20.4000,4.3958,+0.0000,-0.0002,+5.8926,-0.0223,0.440,0.450,0.550,0.560,0.990,1.010,,0.00,0.00,0.0000,0.0000,0.0000,+0.000,,signal_open,opener_dom,high,Down,reversion,match
btc-updown-5m-1777467300,20,1,BUY,Down,42.0000,0.5900,24.7800,3.9227,-0.4731,+0.0017,+2.3988,+0.2351,0.390,0.400,0.600,0.610,0.990,1.010,Down,40.00,0.00,0.5100,0.0000,0.0000,+1.000,10,price_drift,requote_dom,medium,Down,reversion,
btc-updown-5m-1777467300,26,2,BUY,Down,45.0000,0.6600,29.7000,3.5810,-0.3417,+0.0003,+1.2755,+0.0475,0.320,0.330,0.670,0.680,0.990,1.010,Down,82.00,0.00,0.5510,0.0000,0.0000,+1.000,6,price_drift,requote_dom,medium,Down,reversion,
btc-updown-5m-1777467300,26,3,BUY,Down,43.0000,0.6300,27.0900,3.5810,+0.0000,+0.0003,+1.2755,+0.0475,0.320,0.330,0.670,0.680,0.990,1.010,Down,127.00,0.00,0.5896,0.0000,0.0000,+1.000,0,price_drift,requote_dom,medium,Down,reversion,
btc-updown-5m-1777467300,26,4,BUY,Down,44.0000,0.6431,28.2982,3.5810,+0.0000,+0.0003,+1.2755,+0.0475,0.320,0.330,0.670,0.680,0.990,1.010,Down,170.00,0.00,0.5998,0.0000,0.0000,+1.000,0,price_drift,requote_dom,medium,Down,reversion,
btc-updown-5m-1777467300,32,5,BUY,Up,43.0000,0.3255,13.9963,3.5818,+0.0008,+0.0315,+0.6700,+4.2059,0.350,0.360,0.640,0.650,0.990,1.010,Down,214.00,0.00,0.6087,0.0000,0.0000,+1.000,6,parity_gap,hedge_topup,medium,Down,reversion,
btc-updown-5m-1777467300,40,6,BUY,Down,47.0000,0.6700,31.4900,3.6159,+0.0341,+0.0451,+0.3315,+5.9308,0.330,0.340,0.660,0.670,0.990,1.010,Down,214.00,43.00,0.6087,0.3255,0.9342,+0.665,8,price_drift,requote_dom,medium,Down,reversion,
btc-updown-5m-1777467300,50,7,BUY,Up,43.0000,0.3669,15.7762,3.8166,+0.2007,+0.0336,+0.1622,+4.3644,0.390,0.400,0.600,0.610,0.990,1.010,Down,261.00,43.00,0.6198,0.3255,0.9453,+0.717,10,price_drift,requote_hedge,medium,Down,reversion,
btc-updown-5m-1777467300,50,8,BUY,Up,42.0000,0.3782,15.8858,3.8166,+0.0000,+0.0336,+0.1622,+4.3644,0.390,0.400,0.600,0.610,0.990,1.010,Down,261.00,86.00,0.6198,0.3462,0.9660,+0.504,0,price_drift,requote_hedge,medium,Down,reversion,
btc-updown-5m-1777467300,50,9,BUY,Up,42.0000,0.3764,15.8100,3.8166,+0.0000,+0.0336,+0.1622,+4.3644,0.390,0.400,0.600,0.610,0.990,1.010,Down,261.00,128.00,0.6198,0.3567,0.9765,+0.342,0,parity_gap,hedge_topup,medium,Down,reversion,
btc-updown-5m-1777467300,60,10,BUY,Down,43.0000,0.6200,26.6600,4.1962,+0.3796,+0.1615,+0.0878,+0.2206,0.380,0.390,0.610,0.620,0.990,1.010,Down,261.00,170.00,0.6198,0.3616,0.9813,+0.211,10,price_drift,requote_dom,medium,Down,reversion,
btc-updown-5m-1777467300,60,11,BUY,Down,43.0000,0.6121,26.3200,4.1962,+0.0000,+0.1615,+0.0878,+0.2206,0.380,0.390,0.610,0.620,0.990,1.010,Down,304.00,170.00,0.6198,0.3616,0.9814,+0.283,0,unknown,unknown,low,Down,reversion,
btc-updown-5m-1777467300,66,12,BUY,Up,43.0000,0.3500,15.0500,4.2779,+0.0817,+0.1686,-0.0349,+0.2201,0.350,0.360,0.640,0.650,0.990,1.010,Down,347.00,170.00,0.6188,0.3616,0.9804,+0.342,6,price_drift,requote_hedge,medium,Down,reversion,
btc-updown-5m-1777467300,78,13,BUY,Down,27.7900,0.6500,18.0635,3.9768,-0.3011,+0.0995,+0.1189,+0.1281,0.450,0.460,0.540,0.550,0.990,1.010,Down,347.00,213.00,0.6188,0.3592,0.9781,+0.239,12,price_drift,requote_dom,medium,Down,reversion,
btc-updown-5m-1777467300,80,14,BUY,Up,30.6600,0.4000,12.2640,4.2850,+0.3082,+0.0449,+0.1014,+0.0545,0.450,0.460,0.540,0.550,0.990,1.010,Down,374.79,213.00,0.6212,0.3592,0.9804,+0.275,2,price_drift,requote_hedge,medium,Down,reversion,
btc-updown-5m-1777467300,80,15,BUY,Up,40.0000,0.4532,18.1268,4.2850,+0.0000,+0.0449,+0.1014,+0.0545,0.450,0.460,0.540,0.550,0.990,1.010,Down,374.79,243.66,0.6212,0.3644,0.9855,+0.212,0,price_drift,requote_hedge,medium,Down,reversion,
btc-updown-5m-1777467300,80,16,BUY,Up,42.0000,0.3900,16.3800,4.2850,+0.0000,+0.0449,+0.1014,+0.0545,0.450,0.460,0.540,0.550,0.990,1.010,Down,374.79,283.66,0.6212,0.3769,0.9980,+0.138,0,price_drift,requote_hedge,medium,Down,reversion,
btc-updown-5m-1777467300,90,17,BUY,Up,40.0000,0.4772,19.0870,5.1056,+0.8207,+0.1970,+0.0412,+0.2336,0.410,0.420,0.580,0.590,0.990,1.010,Down,374.79,325.66,0.6212,0.3786,0.9997,+0.070,10,price_drift,requote_hedge,medium,Down,reversion,
btc-updown-5m-1777467300,92,18,BUY,Down,41.0000,0.5500,22.5500,5.0159,-0.0898,+0.2214,+0.0862,+0.2796,0.440,0.450,0.550,0.560,0.990,1.010,Down,374.79,365.66,0.6212,0.3894,1.0105,+0.012,2,avg_down_edge,avg_down,high,Down,reversion,
btc-updown-5m-1777467300,92,19,BUY,Down,41.0000,0.5476,22.4500,5.0159,+0.0000,+0.2214,+0.0862,+0.2796,0.440,0.450,0.550,0.560,0.990,1.010,Down,415.79,365.66,0.6141,0.3894,1.0035,+0.064,0,unknown,unknown,low,Down,reversion,
btc-updown-5m-1777467300,92,20,BUY,Down,40.0000,0.5360,21.4400,5.0159,+0.0000,+0.2214,+0.0862,+0.2796,0.440,0.450,0.550,0.560,0.990,1.010,Down,456.79,365.66,0.6082,0.3894,0.9975,+0.111,0,price_drift,requote_dom,medium,Down,reversion,
btc-updown-5m-1777467300,132,21,BUY,Down,40.0000,0.5400,21.6000,6.0955,+1.0796,+0.5900,+0.1880,+1.0211,0.460,0.470,0.530,0.540,0.990,1.010,Down,496.79,365.66,0.6024,0.3894,0.9917,+0.152,40,unknown,unknown,low,Down,reversion,
btc-updown-5m-1777467300,142,22,BUY,Up,40.0000,0.4800,19.2000,6.1434,+0.0478,+0.6500,+0.1575,+0.9330,0.480,0.490,0.510,0.520,0.990,1.010,Down,536.79,365.66,0.5977,0.3894,0.9871,+0.190,10,parity_gap,hedge_topup,medium,Down,reversion,
btc-updown-5m-1777467300,142,23,BUY,Up,40.0000,0.4745,18.9798,6.1434,+0.0000,+0.6500,+0.1575,+0.9330,0.480,0.490,0.510,0.520,0.990,1.010,Down,536.79,405.66,0.5977,0.3983,0.9960,+0.139,0,parity_gap,hedge_topup,medium,Down,reversion,
btc-updown-5m-1777467300,160,24,BUY,Up,41.0000,0.5600,22.9600,6.3815,+0.2381,+0.4569,-0.0598,+0.7692,0.550,0.560,0.440,0.450,0.990,1.010,Down,536.79,445.66,0.5977,0.4051,1.0028,+0.093,18,price_drift,requote_hedge,medium,Down,reversion,
btc-updown-5m-1777467300,160,25,BUY,Up,40.0000,0.5000,20.0000,6.3815,+0.0000,+0.4569,-0.0598,+0.7692,0.550,0.560,0.440,0.450,0.990,1.010,Down,536.79,486.66,0.5977,0.4182,1.0159,+0.049,0,price_drift,requote_hedge,medium,Down,reversion,
btc-updown-5m-1777467300,164,26,BUY,Down,41.0000,0.5600,22.9600,6.3223,-0.0591,+0.4674,+0.0320,+0.7499,0.420,0.430,0.570,0.580,0.990,1.010,Down,536.79,526.66,0.5977,0.4244,1.0221,+0.010,4,price_drift,requote_dom,medium,Down,reversion,
btc-updown-5m-1777467300,164,27,BUY,Down,30.9100,0.4591,14.1911,6.3223,+0.0000,+0.4674,+0.0320,+0.7499,0.420,0.430,0.570,0.580,0.990,1.010,Down,577.79,526.66,0.5950,0.4244,1.0194,+0.046,0,price_drift,requote_dom,medium,Down,reversion,
btc-updown-5m-1777467300,166,28,BUY,Down,1.8868,0.4700,0.8868,6.0147,-0.3076,+0.4129,+0.0284,+0.6001,0.430,0.440,0.560,0.570,0.990,1.010,Down,608.70,526.66,0.5881,0.4244,1.0125,+0.072,2,price_drift,requote_dom,medium,Down,reversion,
btc-updown-5m-1777467300,166,29,BUY,Down,41.0000,0.5665,23.2267,6.0147,+0.0000,+0.4129,+0.0284,+0.6001,0.430,0.440,0.560,0.570,0.990,1.010,Down,610.59,526.66,0.5878,0.4244,1.0122,+0.074,0,price_drift,requote_dom,medium,Down,reversion,
btc-updown-5m-1777467300,168,30,BUY,Up,40.0000,0.4300,17.2000,5.9792,-0.0355,+0.4133,+0.0241,+0.6020,0.450,0.460,0.540,0.550,0.990,1.010,Down,651.59,526.66,0.5864,0.4244,1.0108,+0.106,2,price_drift,requote_hedge,medium,Down,reversion,
btc-updown-5m-1777467300,170,31,BUY,Up,40.0000,0.4300,17.2000,5.9914,+0.0122,+0.4191,+0.0256,+0.6097,0.450,0.460,0.540,0.550,0.990,1.010,Down,651.59,566.66,0.5864,0.4248,1.0112,+0.070,2,parity_gap,hedge_topup,medium,Down,reversion,
btc-updown-5m-1777467300,170,32,BUY,Up,40.0000,0.4361,17.4453,5.9914,+0.0000,+0.4191,+0.0256,+0.6097,0.450,0.460,0.540,0.550,0.990,1.010,Down,651.59,606.66,0.5864,0.4251,1.0116,+0.036,0,parity_gap,hedge_topup,medium,Down,reversion,
btc-updown-5m-1777467300,196,33,BUY,Down,60.0000,0.7400,44.4000,2.1685,-3.8229,-0.8916,-7.5714,-15.4317,0.250,0.260,0.740,0.750,0.990,1.010,Down,651.59,646.66,0.5864,0.4258,1.0122,+0.004,26,price_drift,requote_dom,medium,Down,reversion,
btc-updown-5m-1777467300,202,34,BUY,Up,45.0000,0.2742,12.3381,2.3649,+0.1963,-0.8738,-3.8819,-15.2828,0.290,0.300,0.700,0.710,0.990,1.010,Down,711.59,646.66,0.5994,0.4258,1.0252,+0.048,6,price_drift,requote_hedge,medium,Down,reversion,
btc-updown-5m-1777467300,202,35,BUY,Up,49.0000,0.2600,12.7400,2.3649,+0.0000,-0.8738,-3.8819,-15.2828,0.290,0.300,0.700,0.710,0.990,1.010,Down,711.59,691.66,0.5994,0.4160,1.0153,+0.014,0,price_drift,requote_hedge,medium,Down,reversion,
btc-updown-5m-1777467300,222,36,BUY,Up,36.6800,0.3127,11.4708,2.5369,+0.1720,-0.7240,-0.1273,-13.5742,0.280,0.290,0.710,0.720,0.990,1.010,Down,711.59,740.66,0.5994,0.4056,1.0050,-0.020,20,price_drift,requote_hedge,medium,Down,reversion,
btc-updown-5m-1777467300,222,37,BUY,Up,42.0000,0.3056,12.8348,2.5369,+0.0000,-0.7240,-0.1273,-13.5742,0.280,0.290,0.710,0.720,0.990,1.010,Down,711.59,777.34,0.5994,0.4013,1.0006,-0.044,0,parity_gap,hedge_topup,medium,Down,reversion,
btc-updown-5m-1777467300,234,38,BUY,Up,53.0000,0.2200,11.6600,2.5125,-0.0244,-0.7500,-0.0087,-13.8762,0.260,0.270,0.730,0.740,0.990,1.010,Down,711.59,819.34,0.5994,0.3963,0.9957,-0.070,12,price_drift,requote_hedge,medium,Down,reversion,
btc-updown-5m-1777467300,234,39,BUY,Up,51.0000,0.2200,11.2200,2.5125,+0.0000,-0.7500,-0.0087,-13.8762,0.260,0.270,0.730,0.740,0.990,1.010,Down,711.59,872.34,0.5994,0.3856,0.9850,-0.101,0,parity_gap,hedge_topup,medium,Down,reversion,
btc-updown-5m-1777467300,236,40,BUY,Up,47.0000,0.2109,9.9105,2.5080,-0.0045,-0.7874,-3.2757,-17.1367,0.200,0.210,0.790,0.800,0.990,1.010,Down,711.59,923.34,0.5994,0.3765,0.9759,-0.130,2,parity_gap,hedge_topup,medium,Down,reversion,
btc-updown-5m-1777467300,240,41,BUY,Down,7.0000,0.7900,5.5300,2.3804,-0.1276,-0.7931,-2.0812,-17.1928,0.160,0.170,0.830,0.840,0.990,1.010,Down,711.59,970.34,0.5994,0.3685,0.9678,-0.154,4,price_drift,requote_dom,medium,Down,reversion,
btc-updown-5m-1777467300,240,42,BUY,Down,55.0000,0.7522,41.3700,2.3804,+0.0000,-0.7931,-2.0812,-17.1928,0.160,0.170,0.830,0.840,0.990,1.010,Down,718.59,970.34,0.6012,0.3685,0.9697,-0.149,0,price_drift,requote_dom,medium,Down,reversion,
btc-updown-5m-1777467300,242,43,BUY,Down,8.2000,0.8400,6.8880,2.3867,+0.0064,-0.7706,-1.6245,-15.1759,0.170,0.180,0.820,0.830,0.990,1.010,Down,773.59,970.34,0.6120,0.3685,0.9804,-0.113,2,price_drift,requote_dom,medium,Down,reversion,
btc-updown-5m-1777467300,242,44,BUY,Down,1.0500,0.8400,0.8820,2.3867,+0.0000,-0.7706,-1.6245,-15.1759,0.170,0.180,0.820,0.830,0.990,1.010,Down,781.79,970.34,0.6144,0.3685,0.9828,-0.108,0,unknown,unknown,low,Down,reversion,
btc-updown-5m-1777467300,242,45,BUY,Down,53.0000,0.7900,41.8700,2.3867,+0.0000,-0.7706,-1.6245,-15.1759,0.170,0.180,0.820,0.830,0.990,1.010,Down,782.84,970.34,0.6147,0.3685,0.9831,-0.107,0,price_drift,requote_dom,medium,Down,reversion,
btc-updown-5m-1777467300,242,46,BUY,Down,6.2500,0.8400,5.2500,2.3867,+0.0000,-0.7706,-1.6245,-15.1759,0.170,0.180,0.820,0.830,0.990,1.010,Down,835.84,970.34,0.6258,0.3685,0.9942,-0.074,0,price_drift,requote_dom,medium,Down,reversion,
btc-updown-5m-1777467300,242,47,BUY,Down,52.5000,0.8400,44.1000,2.3867,+0.0000,-0.7706,-1.6245,-15.1759,0.170,0.180,0.820,0.830,0.990,1.010,Down,842.09,970.34,0.6274,0.3685,0.9958,-0.071,0,unknown,unknown,low,Down,reversion,
btc-updown-5m-1777467300,242,48,BUY,Down,6.0000,0.8400,5.0400,2.3867,+0.0000,-0.7706,-1.6245,-15.1759,0.170,0.180,0.820,0.830,0.990,1.010,Down,894.59,970.34,0.6398,0.3685,1.0083,-0.041,0,unknown,unknown,low,Down,reversion,
btc-updown-5m-1777467300,262,49,BUY,Down,154.0000,0.9138,140.7288,2.9630,+0.5763,-0.2421,-0.1376,-1.3454,0.090,0.100,0.900,0.910,0.990,1.010,Down,900.59,970.34,0.6412,0.3685,1.0096,-0.037,20,price_drift,requote_dom,medium,Down,reversion,
btc-updown-5m-1777467300,280,50,BUY,Up,50.0800,0.1000,5.0080,2.2353,-0.7277,-0.5753,+0.3412,-2.6465,0.260,0.270,0.730,0.740,0.990,1.010,Down,1054.59,970.34,0.6810,0.3685,1.0495,+0.042,18,price_drift,requote_hedge,medium,Down,reversion,
btc-updown-5m-1777467300,282,51,BUY,Up,30.0000,0.1100,3.3000,2.3272,+0.0919,-0.5558,+0.4057,-2.5911,0.220,0.230,0.770,0.780,0.990,1.010,Down,1054.59,1020.42,0.6810,0.3553,1.0363,+0.016,2,parity_gap,hedge_topup,medium,Down,reversion,
btc-updown-5m-1777467300,282,52,BUY,Up,5.6180,0.1100,0.6180,2.3272,+0.0000,-0.5558,+0.4057,-2.5911,0.220,0.230,0.770,0.780,0.990,1.010,Down,1054.59,1050.42,0.6810,0.3483,1.0293,+0.002,0,parity_gap,opener_hedge,low,Down,reversion,
btc-updown-5m-1777467300,282,53,BUY,Up,5.2841,0.1200,0.6341,2.3272,+0.0000,-0.5558,+0.4057,-2.5911,0.220,0.230,0.770,0.780,0.990,1.010,Down,1054.59,1056.04,0.6810,0.3470,1.0280,-0.001,0,parity_gap,opener_hedge,low,Down,reversion,
btc-updown-5m-1777467300,282,54,BUY,Up,16.5200,0.1200,1.9824,2.3272,+0.0000,-0.5558,+0.4057,-2.5911,0.220,0.230,0.770,0.780,0.990,1.010,Down,1054.59,1061.32,0.6810,0.3459,1.0269,-0.003,0,parity_gap,hedge_topup,medium,Down,reversion,
btc-updown-5m-1777467300,282,55,BUY,Up,68.1818,0.1200,8.1818,2.3272,+0.0000,-0.5558,+0.4057,-2.5911,0.220,0.230,0.770,0.780,0.990,1.010,Down,1054.59,1077.84,0.6810,0.3424,1.0234,-0.011,0,parity_gap,hedge_topup,medium,Down,reversion,
btc-updown-5m-1777467300,282,56,BUY,Up,5.0000,0.1200,0.6000,2.3272,+0.0000,-0.5558,+0.4057,-2.5911,0.220,0.230,0.770,0.780,0.990,1.010,Down,1054.59,1146.02,0.6810,0.3292,1.0102,-0.042,0,parity_gap,hedge_topup,medium,Down,reversion,
btc-updown-5m-1777467300,282,57,BUY,Up,5.0000,0.1100,0.5500,2.3272,+0.0000,-0.5558,+0.4057,-2.5911,0.220,0.230,0.770,0.780,0.990,1.010,Down,1054.59,1151.02,0.6810,0.3283,1.0093,-0.044,0,parity_gap,hedge_topup,medium,Down,reversion,
btc-updown-5m-1777467300,282,58,BUY,Up,1.0500,0.1100,0.1155,2.3272,+0.0000,-0.5558,+0.4057,-2.5911,0.220,0.230,0.770,0.780,0.990,1.010,Down,1054.59,1156.02,0.6810,0.3273,1.0083,-0.046,0,parity_gap,hedge_topup,medium,Down,reversion,
btc-updown-5m-1777467300,282,59,BUY,Up,17.1348,0.1100,1.8848,2.3272,+0.0000,-0.5558,+0.4057,-2.5911,0.220,0.230,0.770,0.780,0.990,1.010,Down,1054.59,1157.07,0.6810,0.3271,1.0081,-0.046,0,parity_gap,hedge_topup,medium,Down,reversion,
btc-updown-5m-1777467300,282,60,BUY,Up,5.4045,0.1100,0.5945,2.3272,+0.0000,-0.5558,+0.4057,-2.5911,0.220,0.230,0.770,0.780,0.990,1.010,Down,1054.59,1174.21,0.6810,0.3240,1.0050,-0.054,0,parity_gap,hedge_topup,medium,Down,reversion,
btc-updown-5m-1777467300,282,61,BUY,Up,6.0000,0.1100,0.6600,2.3272,+0.0000,-0.5558,+0.4057,-2.5911,0.220,0.230,0.770,0.780,0.990,1.010,Down,1054.59,1179.61,0.6810,0.3230,1.0040,-0.056,0,parity_gap,hedge_topup,medium,Down,reversion,
btc-updown-5m-1777467300,282,62,BUY,Up,6.0000,0.1100,0.6600,2.3272,+0.0000,-0.5558,+0.4057,-2.5911,0.220,0.230,0.770,0.780,0.990,1.010,Down,1054.59,1185.61,0.6810,0.3219,1.0029,-0.058,0,parity_gap,hedge_topup,medium,Down,reversion,
btc-updown-5m-1777467300,282,63,BUY,Up,22.2222,0.1000,2.2222,2.3272,+0.0000,-0.5558,+0.4057,-2.5911,0.220,0.230,0.770,0.780,0.990,1.010,Down,1054.59,1191.61,0.6810,0.3208,1.0018,-0.061,0,parity_gap,hedge_topup,medium,Down,reversion,
btc-updown-5m-1777467300,282,64,BUY,Up,10.0000,0.1100,1.1000,2.3272,+0.0000,-0.5558,+0.4057,-2.5911,0.220,0.230,0.770,0.780,0.990,1.010,Down,1054.59,1213.84,0.6810,0.3168,0.9978,-0.070,0,parity_gap,hedge_topup,medium,Down,reversion,
btc-updown-5m-1777467300,284,65,BUY,Up,102.0000,0.0700,7.1400,2.8130,+0.4858,-0.5582,+0.3305,-2.5960,0.120,0.130,0.870,0.880,0.990,1.010,Down,1054.59,1223.84,0.6810,0.3151,0.9961,-0.074,2,price_drift,requote_hedge,medium,Down,reversion,
btc-updown-5m-1777467300,306,66,BUY,Up,4358.0000,0.0100,43.5800,3.9977,+1.1847,+0.0229,-0.4809,+0.0439,0.000,0.010,0.990,1.000,0.990,1.010,Down,1054.59,1325.84,0.6810,0.2963,0.9772,-0.114,22,deadline_cleanup,cleanup,high,Down,reversion,
btc-updown-5m-1777467600,4,0,BUY,Up,42.0000,0.5500,23.1000,3.5005,+0.0000,-0.7165,-4.9731,-4.9776,0.440,0.450,0.550,0.560,0.990,1.010,,0.00,0.00,0.0000,0.0000,0.0000,+0.000,,signal_open,opener_dom,high,Up,momentum_score_avg,match
btc-updown-5m-1777467600,4,1,BUY,Up,41.0000,0.5490,22.5085,3.5005,+0.0000,-0.7165,-4.9731,-4.9776,0.440,0.450,0.550,0.560,0.990,1.010,Up,42.00,0.00,0.5500,0.0000,0.0000,+1.000,0,unknown,unknown,low,Up,momentum_score_avg,
btc-updown-5m-1777467600,4,2,BUY,Up,40.0000,0.5267,21.0670,3.5005,+0.0000,-0.7165,-4.9731,-4.9776,0.440,0.450,0.550,0.560,0.990,1.010,Up,83.00,0.00,0.5495,0.0000,0.0000,+1.000,0,avg_down_edge,avg_down,high,Up,momentum_score_avg,
btc-updown-5m-1777467600,4,3,BUY,Down,40.0000,0.4751,19.0056,3.5005,+0.0000,-0.7165,-4.9731,-4.9776,0.440,0.450,0.550,0.560,0.990,1.010,Up,123.00,0.00,0.5421,0.0000,0.0000,+1.000,0,parity_gap,hedge_topup,medium,Up,momentum_score_avg,
btc-updown-5m-1777467600,6,4,BUY,Down,6.9400,0.5400,3.7476,3.4135,-0.0870,-0.7004,-3.9507,-4.8692,0.440,0.450,0.550,0.560,0.990,1.010,Up,123.00,40.00,0.5421,0.4751,1.0172,+0.509,2,price_drift,requote_hedge,medium,Up,momentum_score_avg,
btc-updown-5m-1777467600,10,5,BUY,Down,40.0000,0.5300,21.2000,3.8353,+0.4219,-0.5855,-2.2796,-4.3673,0.590,0.600,0.400,0.410,0.990,1.010,Up,123.00,46.94,0.5421,0.4847,1.0268,+0.448,4,price_drift,requote_hedge,medium,Up,momentum_score_avg,
btc-updown-5m-1777467600,10,6,BUY,Up,40.0000,0.4750,19.0000,3.8353,+0.0000,-0.5855,-2.2796,-4.3673,0.590,0.600,0.400,0.410,0.990,1.010,Up,123.00,86.94,0.5421,0.5056,1.0476,+0.172,0,price_drift,requote_dom,medium,Up,momentum_score_avg,
btc-updown-5m-1777467600,12,7,BUY,Up,4.3488,0.5700,2.4788,4.1875,+0.3521,-0.5686,-1.7784,-4.3505,0.630,0.640,0.360,0.370,0.990,1.010,Up,163.00,86.94,0.5256,0.5056,1.0312,+0.304,2,price_drift,requote_dom,medium,Up,momentum_score_avg,
btc-updown-5m-1777467600,12,8,BUY,Up,40.0000,0.4840,19.3600,4.1875,+0.0000,-0.5686,-1.7784,-4.3505,0.630,0.640,0.360,0.370,0.990,1.010,Up,167.35,86.94,0.5268,0.5056,1.0323,+0.316,0,price_drift,requote_dom,medium,Up,momentum_score_avg,
btc-updown-5m-1777467600,32,9,BUY,Up,49.0000,0.6938,33.9958,5.4312,+1.2438,-0.3904,-0.0703,-3.3219,0.730,0.740,0.260,0.270,0.990,1.010,Up,207.35,86.94,0.5185,0.5056,1.0241,+0.409,20,price_drift,requote_dom,medium,Up,momentum_score_avg,
btc-updown-5m-1777467600,32,10,BUY,Up,50.0000,0.7000,35.0000,5.4312,+0.0000,-0.3904,-0.0703,-3.3219,0.730,0.740,0.260,0.270,0.990,1.010,Up,256.35,86.94,0.5520,0.5056,1.0576,+0.493,0,unknown,unknown,low,Up,momentum_score_avg,
btc-updown-5m-1777467600,38,11,BUY,Up,55.0000,0.7400,40.7000,5.5127,+0.0815,-0.5418,-3.0143,-6.5713,0.640,0.650,0.350,0.360,0.990,1.010,Up,306.35,86.94,0.5762,0.5056,1.0817,+0.558,6,price_drift,requote_dom,medium,Up,momentum_score_avg,
btc-updown-5m-1777467600,40,12,BUY,Up,47.4200,0.7663,36.3392,4.6925,-0.8203,-0.5965,-2.5451,-6.9925,0.550,0.560,0.440,0.450,0.990,1.010,Up,361.35,86.94,0.6011,0.5056,1.1067,+0.612,2,price_drift,requote_dom,medium,Up,momentum_score_avg,
btc-updown-5m-1777467600,40,13,BUY,Up,4.3478,0.7700,3.3478,4.6925,+0.0000,-0.5965,-2.5451,-6.9925,0.550,0.560,0.440,0.450,0.990,1.010,Up,408.77,86.94,0.6203,0.5056,1.1258,+0.649,0,unknown,unknown,low,Up,momentum_score_avg,
btc-updown-5m-1777467600,40,14,BUY,Down,35.0000,0.2457,8.6000,4.6925,+0.0000,-0.5965,-2.5451,-6.9925,0.550,0.560,0.440,0.450,0.990,1.010,Up,413.12,86.94,0.6219,0.5056,1.1274,+0.652,0,price_drift,requote_hedge,medium,Up,momentum_score_avg,
btc-updown-5m-1777467600,54,15,BUY,Up,9.7100,0.6100,5.9231,4.6080,-0.0845,-0.5784,-0.4143,-6.8965,0.640,0.650,0.350,0.360,0.990,1.010,Up,413.12,121.94,0.6219,0.4310,1.0528,+0.544,14,price_drift,requote_dom,medium,Up,momentum_score_avg,
btc-updown-5m-1777467600,54,16,BUY,Up,41.0000,0.5530,22.6717,4.6080,+0.0000,-0.5784,-0.4143,-6.8965,0.640,0.650,0.350,0.360,0.990,1.010,Up,422.83,121.94,0.6216,0.4310,1.0526,+0.552,0,price_drift,requote_dom,medium,Up,momentum_score_avg,
btc-updown-5m-1777467600,54,17,BUY,Up,7.9487,0.6100,4.8487,4.6080,+0.0000,-0.5784,-0.4143,-6.8965,0.640,0.650,0.350,0.360,0.990,1.010,Up,463.83,121.94,0.6155,0.4310,1.0465,+0.584,0,price_drift,requote_dom,medium,Up,momentum_score_avg,
btc-updown-5m-1777467600,54,18,BUY,Up,10.0000,0.5850,5.8500,4.6080,+0.0000,-0.5784,-0.4143,-6.8965,0.640,0.650,0.350,0.360,0.990,1.010,Up,471.78,121.94,0.6154,0.4310,1.0464,+0.589,0,price_drift,requote_dom,medium,Up,momentum_score_avg,
btc-updown-5m-1777467600,54,19,BUY,Up,5.1316,0.6200,3.1816,4.6080,+0.0000,-0.5784,-0.4143,-6.8965,0.640,0.650,0.350,0.360,0.990,1.010,Up,481.78,121.94,0.6148,0.4310,1.0458,+0.596,0,price_drift,requote_dom,medium,Up,momentum_score_avg,
btc-updown-5m-1777467600,56,20,BUY,Up,31.7200,0.6200,19.6664,4.7330,+0.1250,-0.5785,-0.3431,-6.8943,0.630,0.640,0.360,0.370,0.990,1.010,Up,486.91,121.94,0.6148,0.4310,1.0458,+0.599,2,unknown,unknown,low,Up,momentum_score_avg,
btc-updown-5m-1777467600,56,21,BUY,Up,5.1316,0.6200,3.1816,4.7330,+0.0000,-0.5785,-0.3431,-6.8943,0.630,0.640,0.360,0.370,0.990,1.010,Up,518.63,121.94,0.6152,0.4310,1.0461,+0.619,0,unknown,unknown,low,Up,momentum_score_avg,
btc-updown-5m-1777467600,72,22,BUY,Up,78.0000,0.8500,66.3000,8.5727,+3.8397,+0.2444,+2.4033,+2.4308,0.840,0.850,0.150,0.160,0.990,1.010,Up,523.76,121.94,0.6152,0.4310,1.0462,+0.622,16,price_drift,requote_dom,medium,Up,momentum_score_avg,
btc-updown-5m-1777467600,72,23,BUY,Up,36.0000,0.7903,28.4500,8.5727,+0.0000,+0.2444,+2.4033,+2.4308,0.840,0.850,0.150,0.160,0.990,1.010,Up,601.76,121.94,0.6456,0.4310,1.0766,+0.663,0,price_drift,requote_dom,medium,Up,momentum_score_avg,
btc-updown-5m-1777467600,86,24,BUY,Down,74.0000,0.1600,11.8400,8.1671,-0.4055,+0.1592,+0.5419,+1.4608,0.740,0.750,0.250,0.260,0.990,1.010,Up,637.76,121.94,0.6538,0.4310,1.0848,+0.679,14,price_drift,requote_hedge,medium,Up,momentum_score_avg,
btc-updown-5m-1777467600,86,25,BUY,Down,68.0000,0.1600,10.8800,8.1671,+0.0000,+0.1592,+0.5419,+1.4608,0.740,0.750,0.250,0.260,0.990,1.010,Up,637.76,195.94,0.6538,0.3286,0.9824,+0.530,0,parity_gap,hedge_topup,medium,Up,momentum_score_avg,
btc-updown-5m-1777467600,88,26,BUY,Down,45.0000,0.2000,9.0000,7.8619,-0.3052,+0.1388,+0.3092,+1.2863,0.740,0.750,0.250,0.260,0.990,1.010,Up,637.76,263.94,0.6538,0.2852,0.9390,+0.415,2,price_drift,requote_hedge,medium,Up,momentum_score_avg,
btc-updown-5m-1777467600,88,27,BUY,Down,2.0200,0.1700,0.3434,7.8619,+0.0000,+0.1388,+0.3092,+1.2863,0.740,0.750,0.250,0.260,0.990,1.010,Up,637.76,308.94,0.6538,0.2728,0.9266,+0.347,0,price_drift,requote_hedge,medium,Up,momentum_score_avg,
btc-updown-5m-1777467600,88,28,BUY,Down,23.1400,0.1865,4.3152,7.8619,+0.0000,+0.1388,+0.3092,+1.2863,0.740,0.750,0.250,0.260,0.990,1.010,Up,637.76,310.96,0.6538,0.2721,0.9259,+0.344,0,price_drift,requote_hedge,medium,Up,momentum_score_avg,
btc-updown-5m-1777467600,100,29,BUY,Up,56.0000,0.7500,42.0000,8.8504,+0.9885,+0.7809,+0.1092,+4.5614,0.750,0.760,0.240,0.250,0.990,1.010,Up,637.76,334.10,0.6538,0.2662,0.9200,+0.312,12,price_drift,requote_dom,medium,Up,momentum_score_avg,
btc-updown-5m-1777467600,106,30,BUY,Up,60.0000,0.7839,47.0334,9.1523,+0.3018,+0.7960,+0.1525,+4.7274,0.810,0.820,0.180,0.190,0.990,1.010,Up,693.76,334.10,0.6616,0.2662,0.9278,+0.350,6,pyramid_signal,pyramid_dom,medium,Up,momentum_score_avg,
btc-updown-5m-1777467600,208,31,BUY,Down,44.7800,0.0900,4.0302,7.8033,-1.3490,+0.0674,-0.3455,+0.2309,0.890,0.900,0.100,0.110,0.990,1.010,Up,753.76,334.10,0.6713,0.2662,0.9375,+0.386,102,signal_flip,opener_dom,high,Up,momentum_score_avg,
btc-updown-5m-1777467600,212,32,BUY,Down,83.0000,0.1336,11.0879,7.1609,-0.6425,-0.0783,-0.6731,-0.3128,0.830,0.840,0.160,0.170,0.990,1.010,Down,378.88,753.76,0.2454,0.6713,0.9167,-0.331,4,avg_down_edge,avg_down,high,Up,momentum_score_avg,
btc-updown-5m-1777467600,214,33,BUY,Down,78.0000,0.1500,11.7000,6.8184,-0.3424,-0.0671,-0.5092,-0.2710,0.840,0.850,0.150,0.160,0.990,1.010,Down,461.88,753.76,0.2253,0.6713,0.8966,-0.240,2,price_drift,requote_dom,medium,Up,momentum_score_avg,
btc-updown-5m-1777467600,228,34,BUY,Down,68.0000,0.1509,10.2600,5.6823,-1.1362,-0.3791,-0.0680,-1.1951,0.850,0.860,0.140,0.150,0.990,1.010,Down,539.88,753.76,0.2144,0.6713,0.8857,-0.165,14,unknown,unknown,low,Up,momentum_score_avg,
btc-updown-5m-1777467600,246,35,BUY,Down,26.0000,0.1658,4.3100,5.1898,-0.4924,-0.4057,+0.0023,-1.1515,0.800,0.810,0.190,0.200,0.990,1.010,Down,607.88,753.76,0.2073,0.6713,0.8786,-0.107,18,price_drift,requote_dom,medium,Up,momentum_score_avg,
btc-updown-5m-1777467600,254,36,BUY,Down,17.9900,0.2200,3.9578,4.1364,-1.0535,-0.4325,-0.1192,-1.3519,0.550,0.560,0.440,0.450,0.990,1.010,Down,633.88,753.76,0.2056,0.6713,0.8769,-0.086,8,price_drift,requote_dom,medium,Up,momentum_score_avg,
btc-updown-5m-1777467600,254,37,BUY,Down,51.0000,0.2500,12.7500,4.1364,+0.0000,-0.4325,-0.1192,-1.3519,0.550,0.560,0.440,0.450,0.990,1.010,Down,651.87,753.76,0.2060,0.6713,0.8773,-0.072,0,price_drift,requote_dom,medium,Up,momentum_score_avg,
btc-updown-5m-1777467600,254,38,BUY,Down,52.0000,0.2451,12.7427,4.1364,+0.0000,-0.4325,-0.1192,-1.3519,0.550,0.560,0.440,0.450,0.990,1.010,Down,702.87,753.76,0.2092,0.6713,0.8805,-0.035,0,unknown,unknown,low,Up,momentum_score_avg,
btc-updown-5m-1777467600,254,39,BUY,Down,0.6700,0.2100,0.1407,4.1364,+0.0000,-0.4325,-0.1192,-1.3519,0.550,0.560,0.440,0.450,0.990,1.010,Down,754.87,753.76,0.2117,0.6713,0.8830,+0.001,0,price_drift,requote_dom,medium,Up,momentum_score_avg,
btc-updown-5m-1777467600,266,40,BUY,Up,41.0000,0.5144,21.0900,4.3850,+0.2487,-0.2405,-0.0134,-0.4837,0.580,0.590,0.410,0.420,0.990,1.010,Down,755.54,753.76,0.2117,0.6713,0.8830,+0.001,12,price_drift,requote_hedge,medium,Up,momentum_score_avg,
btc-updown-5m-1777467600,266,41,BUY,Up,42.0000,0.5264,22.1100,4.3850,+0.0000,-0.2405,-0.0134,-0.4837,0.580,0.590,0.410,0.420,0.990,1.010,Down,755.54,794.76,0.2117,0.6632,0.8749,-0.025,0,price_drift,requote_hedge,medium,Up,momentum_score_avg,
btc-updown-5m-1777467600,270,42,BUY,Down,40.0000,0.5080,20.3200,4.2187,-0.1663,-0.2754,-0.0593,-0.5445,0.580,0.620,0.380,0.420,0.960,1.040,Down,755.54,836.76,0.2117,0.6563,0.8680,-0.051,4,price_drift,requote_dom,medium,Up,momentum_score_avg,
btc-updown-5m-1777467600,278,43,BUY,Up,42.0000,0.6200,26.0400,5.0309,+0.8122,-0.0192,+0.0417,-0.0302,0.720,0.730,0.270,0.280,0.990,1.010,Down,795.54,836.76,0.2266,0.6563,0.8829,-0.025,8,price_drift,requote_hedge,medium,Up,momentum_score_avg,
btc-updown-5m-1777467900,16,0,BUY,Up,40.0000,0.4900,19.6000,5.3023,+0.0000,+0.1247,+0.9925,+0.6586,0.570,0.590,0.410,0.430,0.980,1.020,,0.00,0.00,0.0000,0.0000,0.0000,+0.000,,signal_open,opener_dom,high,Up,momentum_dscore,match
btc-updown-5m-1777467900,16,1,BUY,Up,40.0000,0.4718,18.8713,5.3023,+0.0000,+0.1247,+0.9925,+0.6586,0.570,0.590,0.410,0.430,0.980,1.020,Up,40.00,0.00,0.4900,0.0000,0.0000,+1.000,0,avg_down_edge,avg_down,high,Up,momentum_dscore,
btc-updown-5m-1777467900,20,2,BUY,Up,40.0000,0.4951,19.8045,5.7073,+0.4050,+0.1264,+0.6551,+0.6674,0.550,0.560,0.440,0.450,0.990,1.010,Up,80.00,0.00,0.4809,0.0000,0.0000,+1.000,4,price_drift,requote_dom,medium,Up,momentum_dscore,
btc-updown-5m-1777467900,24,3,BUY,Down,25.6900,0.4639,11.9174,5.3065,-0.4008,+0.1192,+0.3962,+0.6428,0.480,0.490,0.510,0.520,0.990,1.010,Up,120.00,0.00,0.4856,0.0000,0.0000,+1.000,4,parity_gap,hedge_topup,medium,Up,momentum_dscore,
btc-updown-5m-1777467900,42,4,BUY,Down,9.3300,0.5800,5.4114,2.3628,-2.9437,-0.7367,-11.0074,-16.2882,0.310,0.320,0.680,0.690,0.990,1.010,Up,120.00,25.69,0.4856,0.4639,0.9495,+0.647,18,signal_flip,opener_dom,high,Up,momentum_dscore,
btc-updown-5m-1777467900,42,5,BUY,Down,40.0000,0.4651,18.6031,2.3628,+0.0000,-0.7367,-11.0074,-16.2882,0.310,0.320,0.680,0.690,0.990,1.010,Down,35.02,120.00,0.4948,0.4856,0.9805,-0.548,0,avg_down_edge,avg_down,high,Up,momentum_dscore,
btc-updown-5m-1777467900,42,6,BUY,Down,6.6304,0.5400,3.5804,2.3628,+0.0000,-0.7367,-11.0074,-16.2882,0.310,0.320,0.680,0.690,0.990,1.010,Down,75.02,120.00,0.4790,0.4856,0.9646,-0.231,0,price_drift,requote_dom,medium,Up,momentum_dscore,
btc-updown-5m-1777467900,42,7,BUY,Down,23.5600,0.5800,13.6648,2.3628,+0.0000,-0.7367,-11.0074,-16.2882,0.310,0.320,0.680,0.690,0.990,1.010,Down,81.65,120.00,0.4839,0.4856,0.9696,-0.190,0,price_drift,requote_dom,medium,Up,momentum_dscore,
btc-updown-5m-1777467900,42,8,BUY,Down,2.3810,0.5800,1.3810,2.3628,+0.0000,-0.7367,-11.0074,-16.2882,0.310,0.320,0.680,0.690,0.990,1.010,Down,105.21,120.00,0.5054,0.4856,0.9911,-0.066,0,unknown,unknown,low,Up,momentum_dscore,
btc-updown-5m-1777467900,42,9,BUY,Down,5.7143,0.5800,3.3143,2.3628,+0.0000,-0.7367,-11.0074,-16.2882,0.310,0.320,0.680,0.690,0.990,1.010,Down,107.59,120.00,0.5071,0.4856,0.9927,-0.055,0,unknown,unknown,low,Up,momentum_dscore,
btc-updown-5m-1777467900,68,10,BUY,Down,65.0000,0.7978,51.8538,1.0745,-1.2883,-0.8623,-1.4852,-17.5906,0.180,0.190,0.810,0.820,0.990,1.010,Down,113.31,120.00,0.5108,0.4856,0.9964,-0.029,26,price_drift,requote_dom,medium,Up,momentum_dscore,
btc-updown-5m-1777467900,70,11,BUY,Down,63.0000,0.7884,49.6700,0.9248,-0.1496,-0.8622,-1.2796,-17.6023,0.170,0.180,0.820,0.830,0.990,1.010,Down,178.31,120.00,0.6154,0.4856,1.1010,+0.195,2,unknown,unknown,low,Up,momentum_dscore,
btc-updown-5m-1777467900,70,12,BUY,Down,74.0000,0.8088,59.8476,0.9248,+0.0000,-0.8622,-1.2796,-17.6023,0.170,0.180,0.820,0.830,0.990,1.010,Down,241.31,120.00,0.6606,0.4856,1.1462,+0.336,0,price_drift,requote_dom,medium,Up,momentum_dscore,
btc-updown-5m-1777467900,76,13,BUY,Up,71.0000,0.1603,11.3781,1.2933,+0.3684,-0.8679,-5.4186,-23.5020,0.240,0.250,0.750,0.760,0.990,1.010,Down,315.31,120.00,0.6953,0.4856,1.1810,+0.449,6,price_drift,requote_hedge,medium,Up,momentum_dscore,
btc-updown-5m-1777467900,82,14,BUY,Up,3.5256,0.2200,0.7756,1.2347,-0.0586,-0.9252,-3.0918,-24.5103,0.250,0.260,0.740,0.750,0.990,1.010,Down,315.31,191.00,0.6953,0.3647,1.0600,+0.246,6,price_drift,requote_hedge,medium,Up,momentum_dscore,
btc-updown-5m-1777467900,84,15,BUY,Up,53.0000,0.2300,12.1900,1.3330,+0.0984,-0.9249,-2.5038,-24.5052,0.200,0.210,0.790,0.800,0.990,1.010,Down,315.31,194.53,0.6953,0.3621,1.0574,+0.237,2,parity_gap,hedge_topup,medium,Up,momentum_dscore,
btc-updown-5m-1777467900,84,16,BUY,Up,52.0000,0.2300,11.9600,1.3330,+0.0000,-0.9249,-2.5038,-24.5052,0.200,0.210,0.790,0.800,0.990,1.010,Down,315.31,247.53,0.6953,0.3338,1.0291,+0.120,0,parity_gap,hedge_topup,medium,Up,momentum_dscore,
btc-updown-5m-1777467900,86,17,BUY,Down,17.0000,0.7600,12.9200,1.2179,-0.1151,-0.9249,-2.0369,-24.4946,0.200,0.210,0.790,0.800,0.990,1.010,Down,315.31,299.53,0.6953,0.3158,1.0111,+0.026,2,price_drift,requote_dom,medium,Up,momentum_dscore,
btc-updown-5m-1777467900,86,18,BUY,Down,38.0000,0.7563,28.7400,1.2179,+0.0000,-0.9249,-2.0369,-24.4946,0.200,0.210,0.790,0.800,0.990,1.010,Down,332.31,299.53,0.6986,0.3158,1.0144,+0.052,0,unknown,unknown,low,Up,momentum_dscore,
btc-updown-5m-1777467900,86,19,BUY,Down,58.0000,0.7700,44.6600,1.2179,+0.0000,-0.9249,-2.0369,-24.4946,0.200,0.210,0.790,0.800,0.990,1.010,Down,370.31,299.53,0.7046,0.3158,1.0203,+0.106,0,price_drift,requote_dom,medium,Up,momentum_dscore,
btc-updown-5m-1777467900,88,20,BUY,Down,60.0000,0.7700,46.2000,1.1325,-0.0854,-0.9248,-1.6647,-24.4904,0.190,0.200,0.800,0.810,0.990,1.010,Down,428.31,299.53,0.7134,0.3158,1.0292,+0.177,2,unknown,unknown,low,Up,momentum_dscore,
btc-updown-5m-1777467900,88,21,BUY,Up,2.5500,0.2000,0.5100,1.1325,+0.0000,-0.9248,-1.6647,-24.4904,0.190,0.200,0.800,0.810,0.990,1.010,Down,488.31,299.53,0.7204,0.3158,1.0361,+0.240,0,price_drift,requote_hedge,medium,Up,momentum_dscore,
btc-updown-5m-1777467900,88,22,BUY,Up,1.2500,0.2000,0.2500,1.1325,+0.0000,-0.9248,-1.6647,-24.4904,0.190,0.200,0.800,0.810,0.990,1.010,Down,488.31,302.08,0.7204,0.3148,1.0352,+0.236,0,parity_gap,hedge_topup,medium,Up,momentum_dscore,
btc-updown-5m-1777467900,88,23,BUY,Up,2.5000,0.2000,0.5000,1.1325,+0.0000,-0.9248,-1.6647,-24.4904,0.190,0.200,0.800,0.810,0.990,1.010,Down,488.31,303.33,0.7204,0.3143,1.0347,+0.234,0,parity_gap,hedge_topup,medium,Up,momentum_dscore,
btc-updown-5m-1777467900,102,24,BUY,Up,53.0000,0.2500,13.2500,1.3474,+0.2150,-0.6085,+0.6123,-6.4873,0.320,0.340,0.660,0.680,0.980,1.020,Down,488.31,305.83,0.7204,0.3134,1.0338,+0.230,14,price_drift,requote_hedge,medium,Up,momentum_dscore,
btc-updown-5m-1777467900,102,25,BUY,Up,56.0000,0.2248,12.5900,1.3474,+0.0000,-0.6085,+0.6123,-6.4873,0.320,0.340,0.660,0.680,0.980,1.020,Down,488.31,358.83,0.7204,0.3040,1.0244,+0.153,0,price_drift,requote_hedge,medium,Up,momentum_dscore,
btc-updown-5m-1777467900,102,26,BUY,Up,55.0000,0.2377,13.0718,1.3474,+0.0000,-0.6085,+0.6123,-6.4873,0.320,0.340,0.660,0.680,0.980,1.020,Down,488.31,414.83,0.7204,0.2933,1.0137,+0.081,0,price_drift,requote_hedge,medium,Up,momentum_dscore,
btc-updown-5m-1777467900,110,27,BUY,Up,41.0000,0.4200,17.2200,2.7777,+1.4303,-0.5322,+0.4877,-5.5649,0.430,0.440,0.560,0.570,0.990,1.010,Down,488.31,469.83,0.7204,0.2868,1.0072,+0.019,8,signal_flip,opener_dom,high,Up,momentum_dscore,
btc-updown-5m-1777467900,110,28,BUY,Up,29.8900,0.4000,11.9560,2.7777,+0.0000,-0.5322,+0.4877,-5.5649,0.430,0.440,0.560,0.570,0.990,1.010,Up,510.83,488.31,0.2975,0.7204,1.0179,+0.023,0,price_drift,requote_dom,medium,Up,momentum_dscore,
btc-updown-5m-1777467900,110,29,BUY,Up,20.3900,0.3900,7.9521,2.7777,+0.0000,-0.5322,+0.4877,-5.5649,0.430,0.440,0.560,0.570,0.990,1.010,Up,540.72,488.31,0.3032,0.7204,1.0235,+0.051,0,price_drift,requote_dom,medium,Up,momentum_dscore,
btc-updown-5m-1777467900,110,30,BUY,Up,12.1100,0.4000,4.8440,2.7777,+0.0000,-0.5322,+0.4877,-5.5649,0.430,0.440,0.560,0.570,0.990,1.010,Up,561.11,488.31,0.3063,0.7204,1.0267,+0.069,0,price_drift,requote_dom,medium,Up,momentum_dscore,
btc-updown-5m-1777467900,110,31,BUY,Up,19.5200,0.3800,7.4176,2.7777,+0.0000,-0.5322,+0.4877,-5.5649,0.430,0.440,0.560,0.570,0.990,1.010,Up,573.22,488.31,0.3083,0.7204,1.0287,+0.080,0,price_drift,requote_dom,medium,Up,momentum_dscore,
btc-updown-5m-1777467900,110,32,BUY,Up,11.4300,0.3700,4.2291,2.7777,+0.0000,-0.5322,+0.4877,-5.5649,0.430,0.440,0.560,0.570,0.990,1.010,Up,592.74,488.31,0.3107,0.7204,1.0310,+0.097,0,price_drift,requote_dom,medium,Up,momentum_dscore,
btc-updown-5m-1777467900,126,33,BUY,Down,45.0000,0.6694,30.1215,2.8898,+0.1121,-0.3796,+0.3333,-3.8281,0.300,0.310,0.690,0.700,0.990,1.010,Up,604.17,488.31,0.3118,0.7204,1.0322,+0.106,16,price_drift,requote_hedge,medium,Up,momentum_dscore,
btc-updown-5m-1777467900,136,34,BUY,Up,43.0000,0.3680,15.8225,5.4247,+2.5349,+0.5526,+0.0626,+1.9944,0.330,0.340,0.660,0.670,0.990,1.010,Up,604.17,533.31,0.3118,0.7161,1.0279,+0.062,10,unknown,unknown,low,Up,momentum_dscore,
btc-updown-5m-1777467900,140,35,BUY,Down,15.0000,0.6467,9.7000,5.3763,-0.0484,+0.5522,+0.0468,+1.9893,0.360,0.370,0.630,0.640,0.990,1.010,Up,647.17,533.31,0.3155,0.7161,1.0316,+0.096,4,price_drift,requote_hedge,medium,Up,momentum_dscore,
btc-updown-5m-1777467900,142,36,BUY,Up,20.0000,0.3250,6.5000,5.5302,+0.1539,+0.6821,+0.0748,+2.2963,0.370,0.380,0.620,0.630,0.990,1.010,Up,647.17,548.31,0.3155,0.7142,1.0297,+0.083,2,price_drift,requote_dom,medium,Up,momentum_dscore,
btc-updown-5m-1777467900,152,37,BUY,Down,50.0000,0.7164,35.8200,1.9997,-3.5305,-0.5841,-9.9846,-13.2509,0.200,0.210,0.790,0.800,0.990,1.010,Up,667.17,548.31,0.3158,0.7142,1.0300,+0.098,10,signal_flip,opener_dom,high,Up,momentum_dscore,
btc-updown-5m-1777467900,152,38,BUY,Down,55.0000,0.7517,41.3409,1.9997,+0.0000,-0.5841,-9.9846,-13.2509,0.200,0.210,0.790,0.800,0.990,1.010,Down,598.31,667.17,0.7144,0.3158,1.0302,-0.054,0,price_drift,requote_dom,medium,Up,momentum_dscore,
btc-updown-5m-1777467900,162,39,BUY,Down,78.0000,0.8398,65.5060,1.3146,-0.6851,-0.6637,-3.6122,-14.4788,0.110,0.120,0.880,0.890,0.990,1.010,Down,653.31,667.17,0.7175,0.3158,1.0333,-0.010,10,price_drift,requote_dom,medium,Up,momentum_dscore,
btc-updown-5m-1777467900,168,40,BUY,Down,136.0000,0.9000,122.4000,0.9608,-0.3538,-0.6950,-2.0040,-14.8793,0.060,0.070,0.930,0.940,0.990,1.010,Down,731.31,667.17,0.7305,0.3158,1.0463,+0.046,6,price_drift,requote_dom,medium,Up,momentum_dscore,
btc-updown-5m-1777467900,172,41,BUY,Down,26.2200,0.9300,24.3846,0.8392,-0.1216,-0.6993,-1.3625,-14.9425,0.080,0.090,0.910,0.920,0.990,1.010,Down,867.31,667.17,0.7571,0.3158,1.0729,+0.130,4,price_drift,requote_dom,medium,Up,momentum_dscore,
btc-updown-5m-1777467900,172,42,BUY,Down,74.1700,0.9188,68.1467,0.8392,+0.0000,-0.6993,-1.3625,-14.9425,0.080,0.090,0.910,0.920,0.990,1.010,Down,893.53,667.17,0.7622,0.3158,1.0780,+0.145,0,price_drift,requote_dom,medium,Up,momentum_dscore,
btc-updown-5m-1777467900,172,43,BUY,Down,3.7900,0.9300,3.5247,0.8392,+0.0000,-0.6993,-1.3625,-14.9425,0.080,0.090,0.910,0.920,0.990,1.010,Down,967.70,667.17,0.7742,0.3158,1.0900,+0.184,0,price_drift,requote_dom,medium,Up,momentum_dscore,
btc-updown-5m-1777467900,172,44,BUY,Down,123.9900,0.9300,115.3107,0.8392,+0.0000,-0.6993,-1.3625,-14.9425,0.080,0.090,0.910,0.920,0.990,1.010,Down,971.49,667.17,0.7748,0.3158,1.0906,+0.186,0,unknown,unknown,low,Up,momentum_dscore,
btc-updown-5m-1777467900,190,45,BUY,Up,14.0000,0.0700,0.9800,0.8904,+0.0512,-0.7294,-0.2533,-15.6212,0.070,0.080,0.920,0.930,0.990,1.010,Down,1095.48,667.17,0.7924,0.3158,1.1082,+0.243,18,price_drift,requote_hedge,medium,Up,momentum_dscore,
btc-updown-5m-1777467900,190,46,BUY,Up,131.4300,0.0672,8.8336,0.8904,+0.0000,-0.7294,-0.2533,-15.6212,0.070,0.080,0.920,0.930,0.990,1.010,Down,1095.48,681.17,0.7924,0.3108,1.1031,+0.233,0,parity_gap,hedge_topup,medium,Up,momentum_dscore,
btc-updown-5m-1777467900,190,47,BUY,Up,8.5700,0.0700,0.5999,0.8904,+0.0000,-0.7294,-0.2533,-15.6212,0.070,0.080,0.920,0.930,0.990,1.010,Down,1095.48,812.60,0.7924,0.2714,1.0637,+0.148,0,parity_gap,hedge_topup,medium,Up,momentum_dscore,
btc-updown-5m-1777467900,242,48,BUY,Up,211.0000,0.0400,8.4400,3.5372,+2.6468,+0.4303,+0.6472,+1.4094,0.170,0.180,0.820,0.830,0.990,1.010,Down,1095.48,821.17,0.7924,0.2693,1.0616,+0.143,52,signal_flip,opener_dom,high,Up,momentum_dscore,
btc-updown-5m-1777467900,242,49,BUY,Up,260.0000,0.0318,8.2619,3.5372,+0.0000,+0.4303,+0.6472,+1.4094,0.170,0.180,0.820,0.830,0.990,1.010,Up,1032.17,1095.48,0.2224,0.7924,1.0148,-0.030,0,avg_down_edge,avg_down,high,Up,momentum_dscore,
btc-updown-5m-1777467900,262,50,BUY,Up,5.0000,0.0600,0.3000,4.9651,+1.4280,+0.4487,+0.1536,+0.8619,0.100,0.110,0.890,0.900,0.990,1.010,Up,1292.17,1095.48,0.1840,0.7924,0.9764,+0.082,20,price_drift,requote_dom,medium,Up,momentum_dscore,
btc-updown-5m-1777467900,262,51,BUY,Up,5.1064,0.0600,0.3064,4.9651,+0.0000,+0.4487,+0.1536,+0.8619,0.100,0.110,0.890,0.900,0.990,1.010,Up,1297.17,1095.48,0.1836,0.7924,0.9759,+0.084,0,unknown,unknown,low,Up,momentum_dscore,
btc-updown-5m-1777467900,268,52,BUY,Down,177.0000,0.9240,163.5544,4.7782,-0.1869,+0.4170,+0.1208,+0.8972,0.070,0.080,0.920,0.930,0.990,1.010,Up,1302.27,1095.48,0.1831,0.7924,0.9754,+0.086,6,parity_gap,hedge_topup,medium,Up,momentum_dscore,
btc-updown-5m-1777467900,268,53,BUY,Down,136.0000,0.9200,125.1200,4.7782,+0.0000,+0.4170,+0.1208,+0.8972,0.070,0.080,0.920,0.930,0.990,1.010,Up,1302.27,1272.48,0.1831,0.8107,0.9938,+0.012,0,parity_gap,hedge_topup,medium,Up,momentum_dscore,
btc-updown-5m-1777467900,276,54,BUY,Up,62.5400,0.0654,4.0874,4.8952,+0.1170,+0.4272,-0.0776,+0.8932,0.040,0.050,0.950,0.960,0.990,1.010,Up,1302.27,1408.48,0.1831,0.8212,1.0043,-0.039,8,unknown,unknown,low,Up,momentum_dscore,
btc-updown-5m-1777468200,12,0,BUY,Down,40.0000,0.4800,19.2000,4.0798,+0.0000,-0.2717,-0.0222,-0.6564,0.540,0.550,0.450,0.460,0.990,1.010,,0.00,0.00,0.0000,0.0000,0.0000,+0.000,,signal_open,opener_dom,high,Down,momentum_dscore,match
btc-updown-5m-1777468200,14,1,BUY,Up,40.0000,0.5372,21.4878,4.1965,+0.1168,-0.2730,-0.0177,-0.6586,0.540,0.550,0.450,0.460,0.990,1.010,Down,40.00,0.00,0.4800,0.0000,0.0000,+1.000,2,parity_gap,hedge_topup,medium,Down,momentum_dscore,
btc-updown-5m-1777468200,14,2,BUY,Up,41.0000,0.5400,22.1400,4.1965,+0.0000,-0.2730,-0.0177,-0.6586,0.540,0.550,0.450,0.460,0.990,1.010,Down,40.00,40.00,0.4800,0.5372,1.0172,+0.000,0,parity_gap,opener_hedge,low,Down,momentum_dscore,
btc-updown-5m-1777468200,54,3,BUY,Down,40.0000,0.4900,19.6000,6.0908,+1.8943,+0.3716,+0.1577,+0.6734,0.510,0.520,0.480,0.490,0.990,1.010,Down,40.00,81.00,0.4800,0.5386,1.0186,-0.339,40,price_drift,requote_dom,medium,Down,momentum_dscore,
btc-updown-5m-1777468200,64,4,BUY,Up,40.0000,0.5248,20.9900,6.2403,+0.1494,+0.3349,+0.1459,+0.6262,0.570,0.580,0.420,0.430,0.990,1.010,Down,80.00,81.00,0.4850,0.5386,1.0236,-0.006,10,price_drift,requote_hedge,medium,Down,momentum_dscore,
btc-updown-5m-1777468200,70,5,BUY,Down,41.0000,0.4215,17.2800,6.5638,+0.3235,+0.7575,+0.5886,+1.7551,0.540,0.550,0.450,0.460,0.990,1.010,Down,80.00,121.00,0.4850,0.5340,1.0190,-0.204,6,avg_down_edge,avg_down,high,Down,momentum_dscore,
btc-updown-5m-1777468200,70,6,BUY,Down,40.0000,0.4462,17.8500,6.5638,+0.0000,+0.7575,+0.5886,+1.7551,0.540,0.550,0.450,0.460,0.990,1.010,Down,121.00,121.00,0.4635,0.5340,0.9975,+0.000,0,pyramid_signal,pyramid_dom,medium,Down,momentum_dscore,
btc-updown-5m-1777468200,72,7,BUY,Up,41.0000,0.5463,22.4000,6.5759,+0.0121,+0.7624,+0.7425,+1.8025,0.560,0.570,0.430,0.440,0.990,1.010,Down,161.00,121.00,0.4592,0.5340,0.9932,+0.142,2,price_drift,requote_hedge,medium,Down,momentum_dscore,
btc-updown-5m-1777468200,82,8,BUY,Up,42.0000,0.5888,24.7300,6.8125,+0.2366,+0.8140,+0.4898,+2.1793,0.590,0.600,0.400,0.410,0.990,1.010,Down,161.00,162.00,0.4592,0.5371,0.9963,-0.003,10,price_drift,requote_hedge,medium,Down,momentum_dscore,
btc-updown-5m-1777468200,92,9,BUY,Down,40.0000,0.4500,18.0000,4.9419,-1.8706,-0.0783,-1.5465,-0.4838,0.550,0.560,0.440,0.450,0.990,1.010,Down,161.00,204.00,0.4592,0.5478,1.0070,-0.118,10,unknown,unknown,low,Down,momentum_dscore,
btc-updown-5m-1777468200,94,10,BUY,Down,41.0000,0.4200,17.2200,5.0558,+0.1139,-0.0786,-1.2149,-0.4857,0.560,0.570,0.430,0.440,0.990,1.010,Down,201.00,204.00,0.4574,0.5478,1.0051,-0.007,2,price_drift,requote_dom,medium,Down,momentum_dscore,
btc-updown-5m-1777468200,98,11,BUY,Down,40.0000,0.4303,17.2100,4.8696,-0.1861,-0.0763,-0.7971,-0.4715,0.560,0.570,0.430,0.440,0.990,1.010,Down,242.00,204.00,0.4510,0.5478,0.9988,+0.085,4,price_drift,requote_dom,medium,Down,momentum_dscore,
btc-updown-5m-1777468200,104,12,BUY,Down,40.0000,0.4500,18.0000,5.6126,+0.7430,+0.1830,+1.4768,+1.4938,0.690,0.710,0.290,0.310,0.980,1.020,Down,282.00,204.00,0.4481,0.5478,0.9959,+0.160,6,price_drift,requote_dom,medium,Down,momentum_dscore,
btc-updown-5m-1777468200,104,13,BUY,Down,40.0000,0.4438,17.7522,5.6126,+0.0000,+0.1830,+1.4768,+1.4938,0.690,0.710,0.290,0.310,0.980,1.020,Down,322.00,204.00,0.4483,0.5478,0.9961,+0.224,0,unknown,unknown,low,Down,momentum_dscore,
btc-updown-5m-1777468200,106,14,BUY,Up,40.0000,0.5200,20.8000,6.7574,+1.1448,+0.1912,+1.2447,+1.5769,0.730,0.740,0.260,0.270,0.990,1.010,Down,362.00,204.00,0.4478,0.5478,0.9956,+0.279,2,signal_flip,opener_dom,high,Down,momentum_dscore,
btc-updown-5m-1777468200,106,15,BUY,Up,41.0000,0.5200,21.3200,6.7574,+0.0000,+0.1912,+1.2447,+1.5769,0.730,0.740,0.260,0.270,0.990,1.010,Up,244.00,362.00,0.5432,0.4478,0.9911,-0.195,0,avg_down_edge,avg_down,high,Down,momentum_dscore,
btc-updown-5m-1777468200,114,16,BUY,Up,63.0000,0.7872,49.5920,7.7688,+1.0114,+0.2490,+1.0612,+2.1830,0.810,0.820,0.180,0.190,0.990,1.010,Up,285.00,362.00,0.5399,0.4478,0.9877,-0.119,8,price_drift,requote_dom,medium,Down,momentum_dscore,
btc-updown-5m-1777468200,126,17,BUY,Up,83.0000,0.8498,70.5359,7.8439,+0.0750,+0.1231,+0.0348,+1.1215,0.810,0.820,0.180,0.190,0.990,1.010,Up,348.00,362.00,0.5847,0.4478,1.0325,-0.020,12,price_drift,requote_dom,medium,Down,momentum_dscore,
btc-updown-5m-1777468200,126,18,BUY,Up,30.0000,0.8300,24.9000,7.8439,+0.0000,+0.1231,+0.0348,+1.1215,0.810,0.820,0.180,0.190,0.990,1.010,Up,431.00,362.00,0.6357,0.4478,1.0835,+0.087,0,price_drift,requote_dom,medium,Down,momentum_dscore,
btc-updown-5m-1777468200,128,19,BUY,Down,60.0000,0.1995,11.9727,7.6026,-0.2412,+0.1182,+0.0300,+1.0710,0.820,0.830,0.170,0.180,0.990,1.010,Up,461.00,362.00,0.6484,0.4478,1.0962,+0.120,2,price_drift,requote_hedge,medium,Down,momentum_dscore,
btc-updown-5m-1777468200,128,20,BUY,Down,65.0000,0.1700,11.0500,7.6026,+0.0000,+0.1182,+0.0300,+1.0710,0.820,0.830,0.170,0.180,0.990,1.010,Up,461.00,422.00,0.6484,0.4125,1.0609,+0.044,0,price_drift,requote_hedge,medium,Down,momentum_dscore,
btc-updown-5m-1777468200,128,21,BUY,Down,62.0000,0.1806,11.1952,7.6026,+0.0000,+0.1182,+0.0300,+1.0710,0.820,0.830,0.170,0.180,0.990,1.010,Up,461.00,487.00,0.6484,0.3802,1.0285,-0.027,0,price_drift,requote_hedge,medium,Down,momentum_dscore,
btc-updown-5m-1777468200,268,22,BUY,Up,2.0800,0.9900,2.0592,8.1120,+0.5094,+0.1048,+0.3398,+0.3932,0.990,0.991,0.009,0.010,0.999,1.001,Up,461.00,549.00,0.6484,0.3576,1.0060,-0.087,140,pre_resolve_scoop,scoop,high,Down,momentum_dscore,
btc-updown-5m-1777468200,268,23,BUY,Up,5.0000,0.9900,4.9500,8.1120,+0.0000,+0.1048,+0.3398,+0.3932,0.990,0.991,0.009,0.010,0.999,1.001,Up,463.08,549.00,0.6499,0.3576,1.0075,-0.085,0,pre_resolve_scoop,scoop,high,Down,momentum_dscore,
btc-updown-5m-1777468200,268,24,BUY,Up,1166.5900,0.9900,1154.9241,8.1120,+0.0000,+0.1048,+0.3398,+0.3932,0.990,0.991,0.009,0.010,0.999,1.001,Up,468.08,549.00,0.6535,0.3576,1.0111,-0.080,0,pre_resolve_scoop,scoop,high,Down,momentum_dscore,
btc-updown-5m-1777468200,268,25,BUY,Up,26.0000,0.9900,25.7400,8.1120,+0.0000,+0.1048,+0.3398,+0.3932,0.990,0.991,0.009,0.010,0.999,1.001,Up,1634.67,549.00,0.8937,0.3576,1.2513,+0.497,0,pre_resolve_scoop,scoop,high,Down,momentum_dscore,
btc-updown-5m-1777468200,268,26,BUY,Up,100.0000,0.9900,99.0000,8.1120,+0.0000,+0.1048,+0.3398,+0.3932,0.990,0.991,0.009,0.010,0.999,1.001,Up,1660.67,549.00,0.8952,0.3576,1.2528,+0.503,0,pre_resolve_scoop,scoop,high,Down,momentum_dscore,
btc-updown-5m-1777468200,268,27,BUY,Up,31.4600,0.9900,31.1454,8.1120,+0.0000,+0.1048,+0.3398,+0.3932,0.990,0.991,0.009,0.010,0.999,1.001,Up,1760.67,549.00,0.9005,0.3576,1.2582,+0.525,0,pre_resolve_scoop,scoop,high,Down,momentum_dscore,
btc-updown-5m-1777468200,270,28,BUY,Up,132.0200,0.9900,130.6998,8.1358,+0.0238,+0.1145,+0.3081,+0.4343,0.990,0.991,0.009,0.010,0.999,1.001,Up,1792.13,549.00,0.9021,0.3576,1.2597,+0.531,2,pre_resolve_scoop,scoop,high,Down,momentum_dscore,
btc-updown-5m-1777468200,270,29,BUY,Up,1.0600,0.9900,1.0494,8.1358,+0.0000,+0.1145,+0.3081,+0.4343,0.990,0.991,0.009,0.010,0.999,1.001,Up,1924.15,549.00,0.9081,0.3576,1.2658,+0.556,0,pre_resolve_scoop,scoop,high,Down,momentum_dscore,
btc-updown-5m-1777468200,270,30,BUY,Up,1.1300,0.9900,1.1187,8.1358,+0.0000,+0.1145,+0.3081,+0.4343,0.990,0.991,0.009,0.010,0.999,1.001,Up,1925.21,549.00,0.9082,0.3576,1.2658,+0.556,0,pre_resolve_scoop,scoop,high,Down,momentum_dscore,
btc-updown-5m-1777468200,270,31,BUY,Up,1.0100,0.9900,0.9999,8.1358,+0.0000,+0.1145,+0.3081,+0.4343,0.990,0.991,0.009,0.010,0.999,1.001,Up,1926.34,549.00,0.9082,0.3576,1.2659,+0.556,0,pre_resolve_scoop,scoop,high,Down,momentum_dscore,
btc-updown-5m-1777468200,270,32,BUY,Up,100.0000,0.9900,99.0000,8.1358,+0.0000,+0.1145,+0.3081,+0.4343,0.990,0.991,0.009,0.010,0.999,1.001,Up,1927.35,549.00,0.9083,0.3576,1.2659,+0.557,0,pre_resolve_scoop,scoop,high,Down,momentum_dscore,
btc-updown-5m-1777468200,272,33,BUY,Up,34.1600,0.9900,33.8184,9.1217,+0.9859,+0.4642,+2.7221,+3.0282,0.999,1.000,0.000,0.001,0.999,1.001,Up,2027.35,549.00,0.9123,0.3576,1.2699,+0.574,2,pre_resolve_scoop,scoop,high,Down,momentum_dscore,
btc-updown-5m-1777468200,272,34,BUY,Up,1.1700,0.9900,1.1583,9.1217,+0.0000,+0.4642,+2.7221,+3.0282,0.999,1.000,0.000,0.001,0.999,1.001,Up,2061.51,549.00,0.9136,0.3576,1.2712,+0.579,0,pre_resolve_scoop,scoop,high,Down,momentum_dscore,
btc-updown-5m-1777468200,272,35,BUY,Up,214.1600,0.9900,212.0184,9.1217,+0.0000,+0.4642,+2.7221,+3.0282,0.999,1.000,0.000,0.001,0.999,1.001,Up,2062.68,549.00,0.9136,0.3576,1.2713,+0.580,0,pre_resolve_scoop,scoop,high,Down,momentum_dscore,
btc-updown-5m-1777468200,272,36,BUY,Up,657.0700,0.9900,650.4993,9.1217,+0.0000,+0.4642,+2.7221,+3.0282,0.999,1.000,0.000,0.001,0.999,1.001,Up,2276.84,549.00,0.9208,0.3576,1.2784,+0.611,0,pre_resolve_scoop,scoop,high,Down,momentum_dscore,
btc-updown-5m-1777468200,274,37,BUY,Up,84.3560,0.9900,83.5124,9.3477,+0.2260,+0.4724,+2.1963,+3.0681,0.990,1.000,0.000,0.010,0.990,1.010,Up,2933.91,549.00,0.9363,0.3576,1.2939,+0.685,2,pre_resolve_scoop,scoop,high,Down,momentum_dscore,
btc-updown-5m-1777468200,274,38,BUY,Up,30.4400,0.9900,30.1356,9.3477,+0.0000,+0.4724,+2.1963,+3.0681,0.990,1.000,0.000,0.010,0.990,1.010,Up,3018.27,549.00,0.9378,0.3576,1.2954,+0.692,0,pre_resolve_scoop,scoop,high,Down,momentum_dscore,
btc-updown-5m-1777468200,274,39,BUY,Up,108.1500,0.9900,107.0685,9.3477,+0.0000,+0.4724,+2.1963,+3.0681,0.990,1.000,0.000,0.010,0.990,1.010,Up,3048.71,549.00,0.9383,0.3576,1.2960,+0.695,0,pre_resolve_scoop,scoop,high,Down,momentum_dscore,
btc-updown-5m-1777468200,278,40,BUY,Up,1.9800,0.9900,1.9602,9.3480,+0.0003,+0.4843,+1.4867,+3.1572,0.990,1.000,0.000,0.010,0.990,1.010,Up,3156.86,549.00,0.9401,0.3576,1.2977,+0.704,4,pre_resolve_scoop,scoop,high,Down,momentum_dscore,
btc-updown-5m-1777468200,278,41,BUY,Up,100.0000,0.9900,99.0000,9.3480,+0.0000,+0.4843,+1.4867,+3.1572,0.990,1.000,0.000,0.010,0.990,1.010,Up,3158.84,549.00,0.9401,0.3576,1.2978,+0.704,0,pre_resolve_scoop,scoop,high,Down,momentum_dscore,
btc-updown-5m-1777468200,278,42,BUY,Up,1.0400,0.9900,1.0296,9.3480,+0.0000,+0.4843,+1.4867,+3.1572,0.990,1.000,0.000,0.010,0.990,1.010,Up,3258.84,549.00,0.9417,0.3576,1.2993,+0.712,0,pre_resolve_scoop,scoop,high,Down,momentum_dscore,
btc-updown-5m-1777468200,284,43,BUY,Up,12.0000,0.9900,11.8800,9.3672,+0.0191,+0.5182,+0.8870,+3.3128,0.991,0.999,0.001,0.009,0.992,1.008,Up,3259.88,549.00,0.9417,0.3576,1.2993,+0.712,6,pre_resolve_scoop,scoop,high,Down,momentum_dscore,
btc-updown-5m-1777468200,292,44,BUY,Up,1.0600,0.9900,1.0494,9.3756,+0.0085,+0.5195,+0.7076,+3.8463,0.999,1.000,0.000,0.001,0.999,1.001,Up,3271.88,549.00,0.9419,0.3576,1.2995,+0.713,8,deadline_cleanup,cleanup,high,Down,momentum_dscore,
btc-updown-5m-1777468200,292,45,BUY,Up,275.2740,0.9900,272.5213,9.3756,+0.0000,+0.5195,+0.7076,+3.8463,0.999,1.000,0.000,0.001,0.999,1.001,Up,3272.94,549.00,0.9419,0.3576,1.2995,+0.713,0,deadline_cleanup,cleanup,high,Down,momentum_dscore,
btc-updown-5m-1777468200,292,46,BUY,Up,1.0600,0.9900,1.0494,9.3756,+0.0000,+0.5195,+0.7076,+3.8463,0.999,1.000,0.000,0.001,0.999,1.001,Up,3548.21,549.00,0.9456,0.3576,1.3032,+0.732,0,deadline_cleanup,cleanup,high,Down,momentum_dscore,
btc-updown-5m-1777468200,292,47,BUY,Up,1.0600,0.9900,1.0494,9.3756,+0.0000,+0.5195,+0.7076,+3.8463,0.999,1.000,0.000,0.001,0.999,1.001,Up,3549.27,549.00,0.9456,0.3576,1.3032,+0.732,0,deadline_cleanup,cleanup,high,Down,momentum_dscore,
btc-updown-5m-1777468200,292,48,BUY,Up,1.0600,0.9900,1.0494,9.3756,+0.0000,+0.5195,+0.7076,+3.8463,0.999,1.000,0.000,0.001,0.999,1.001,Up,3550.33,549.00,0.9456,0.3576,1.3033,+0.732,0,deadline_cleanup,cleanup,high,Down,momentum_dscore,
btc-updown-5m-1777468200,292,49,BUY,Up,1.5000,0.9900,1.4850,9.3756,+0.0000,+0.5195,+0.7076,+3.8463,0.999,1.000,0.000,0.001,0.999,1.001,Up,3551.39,549.00,0.9457,0.3576,1.3033,+0.732,0,deadline_cleanup,cleanup,high,Down,momentum_dscore,
btc-updown-5m-1777468200,292,50,BUY,Up,1.0600,0.9900,1.0494,9.3756,+0.0000,+0.5195,+0.7076,+3.8463,0.999,1.000,0.000,0.001,0.999,1.001,Up,3552.89,549.00,0.9457,0.3576,1.3033,+0.732,0,deadline_cleanup,cleanup,high,Down,momentum_dscore,
btc-updown-5m-1777468200,292,51,BUY,Up,1.8700,0.9900,1.8513,9.3756,+0.0000,+0.5195,+0.7076,+3.8463,0.999,1.000,0.000,0.001,0.999,1.001,Up,3553.95,549.00,0.9457,0.3576,1.3033,+0.732,0,deadline_cleanup,cleanup,high,Down,momentum_dscore,
btc-updown-5m-1777468200,292,52,BUY,Up,1.0600,0.9900,1.0494,9.3756,+0.0000,+0.5195,+0.7076,+3.8463,0.999,1.000,0.000,0.001,0.999,1.001,Up,3555.82,549.00,0.9457,0.3576,1.3033,+0.733,0,deadline_cleanup,cleanup,high,Down,momentum_dscore,
btc-updown-5m-1777468200,292,53,BUY,Up,1.0600,0.9900,1.0494,9.3756,+0.0000,+0.5195,+0.7076,+3.8463,0.999,1.000,0.000,0.001,0.999,1.001,Up,3556.88,549.00,0.9457,0.3576,1.3033,+0.733,0,deadline_cleanup,cleanup,high,Down,momentum_dscore,
btc-updown-5m-1777468200,292,54,BUY,Up,1.0600,0.9900,1.0494,9.3756,+0.0000,+0.5195,+0.7076,+3.8463,0.999,1.000,0.000,0.001,0.999,1.001,Up,3557.94,549.00,0.9457,0.3576,1.3033,+0.733,0,deadline_cleanup,cleanup,high,Down,momentum_dscore,
btc-updown-5m-1777468200,292,55,BUY,Up,1.0600,0.9900,1.0494,9.3756,+0.0000,+0.5195,+0.7076,+3.8463,0.999,1.000,0.000,0.001,0.999,1.001,Up,3559.00,549.00,0.9457,0.3576,1.3034,+0.733,0,deadline_cleanup,cleanup,high,Down,momentum_dscore,
btc-updown-5m-1777468200,292,56,BUY,Up,1.0600,0.9900,1.0494,9.3756,+0.0000,+0.5195,+0.7076,+3.8463,0.999,1.000,0.000,0.001,0.999,1.001,Up,3560.06,549.00,0.9458,0.3576,1.3034,+0.733,0,deadline_cleanup,cleanup,high,Down,momentum_dscore,
btc-updown-5m-1777468200,292,57,BUY,Up,1.0600,0.9900,1.0494,9.3756,+0.0000,+0.5195,+0.7076,+3.8463,0.999,1.000,0.000,0.001,0.999,1.001,Up,3561.12,549.00,0.9458,0.3576,1.3034,+0.733,0,deadline_cleanup,cleanup,high,Down,momentum_dscore,
btc-updown-5m-1777468200,304,58,BUY,Up,1.0600,0.9900,1.0494,9.4673,+0.0917,+0.6290,+1.2552,+5.4794,0.999,1.000,0.000,0.001,0.999,1.001,Up,3562.18,549.00,0.9458,0.3576,1.3034,+0.733,12,deadline_cleanup,cleanup,high,Down,momentum_dscore,
btc-updown-5m-1777468500,20,0,BUY,Down,40.0000,0.5025,20.1000,6.3215,+0.0000,+0.7379,+0.2180,+6.0741,0.520,0.530,0.470,0.480,0.990,1.010,,0.00,0.00,0.0000,0.0000,0.0000,+0.000,,signal_open,opener_dom,high,Down,momentum_dscore,match
btc-updown-5m-1777468500,24,1,BUY,Up,40.0000,0.4957,19.8298,6.5089,+0.1874,+0.7235,+0.2785,+5.2183,0.580,0.590,0.410,0.420,0.990,1.010,Down,40.00,0.00,0.5025,0.0000,0.0000,+1.000,4,parity_gap,hedge_topup,medium,Down,momentum_dscore,
btc-updown-5m-1777468500,26,2,BUY,Up,5.6818,0.5600,3.1818,7.2716,+0.7627,+0.7698,+0.2266,+5.3788,0.590,0.600,0.400,0.410,0.990,1.010,Down,40.00,40.00,0.5025,0.4957,0.9982,+0.000,2,price_drift,requote_hedge,medium,Down,momentum_dscore,
btc-updown-5m-1777468500,28,3,BUY,Up,11.9048,0.5800,6.9048,7.2749,+0.0032,+0.7968,+0.3369,+5.6108,0.610,0.620,0.380,0.390,0.990,1.010,Down,40.00,45.68,0.5025,0.5037,1.0062,-0.066,2,price_drift,requote_hedge,medium,Down,momentum_dscore,
btc-updown-5m-1777468500,28,4,BUY,Up,2.5000,0.5800,1.4500,7.2749,+0.0000,+0.7968,+0.3369,+5.6108,0.610,0.620,0.380,0.390,0.990,1.010,Down,40.00,57.59,0.5025,0.5195,1.0220,-0.180,0,parity_gap,hedge_topup,medium,Down,momentum_dscore,
btc-updown-5m-1777468500,28,5,BUY,Up,42.0000,0.5900,24.7800,7.2749,+0.0000,+0.7968,+0.3369,+5.6108,0.610,0.620,0.380,0.390,0.990,1.010,Down,40.00,60.09,0.5025,0.5220,1.0245,-0.201,0,price_drift,requote_hedge,medium,Down,momentum_dscore,
btc-updown-5m-1777468500,28,6,BUY,Up,2.5714,0.5800,1.4914,7.2749,+0.0000,+0.7968,+0.3369,+5.6108,0.610,0.620,0.380,0.390,0.990,1.010,Down,40.00,102.09,0.5025,0.5500,1.0525,-0.437,0,parity_gap,hedge_topup,medium,Down,momentum_dscore,
btc-updown-5m-1777468500,28,7,BUY,Up,9.6700,0.5800,5.6086,7.2749,+0.0000,+0.7968,+0.3369,+5.6108,0.610,0.620,0.380,0.390,0.990,1.010,Down,40.00,104.66,0.5025,0.5507,1.0532,-0.447,0,parity_gap,hedge_topup,medium,Down,momentum_dscore,
btc-updown-5m-1777468500,28,8,BUY,Up,9.3333,0.5800,5.4133,7.2749,+0.0000,+0.7968,+0.3369,+5.6108,0.610,0.620,0.380,0.390,0.990,1.010,Down,40.00,114.33,0.5025,0.5532,1.0557,-0.482,0,parity_gap,hedge_topup,medium,Down,momentum_dscore,
btc-updown-5m-1777468500,28,9,BUY,Up,5.0000,0.5800,2.9000,7.2749,+0.0000,+0.7968,+0.3369,+5.6108,0.610,0.620,0.380,0.390,0.990,1.010,Down,40.00,123.66,0.5025,0.5552,1.0577,-0.511,0,parity_gap,hedge_topup,medium,Down,momentum_dscore,
btc-updown-5m-1777468500,28,10,BUY,Up,35.7800,0.5384,19.2634,7.2749,+0.0000,+0.7968,+0.3369,+5.6108,0.610,0.620,0.380,0.390,0.990,1.010,Down,40.00,128.66,0.5025,0.5562,1.0587,-0.526,0,price_drift,requote_hedge,medium,Down,momentum_dscore,
btc-updown-5m-1777468500,36,11,BUY,Up,46.0000,0.6700,30.8200,7.6295,+0.3546,+0.7132,+0.8771,+3.4427,0.680,0.690,0.310,0.320,0.990,1.010,Down,40.00,164.44,0.5025,0.5523,1.0548,-0.609,8,price_drift,requote_hedge,medium,Down,momentum_dscore,
btc-updown-5m-1777468500,36,12,BUY,Up,45.0000,0.6656,29.9500,7.6295,+0.0000,+0.7132,+0.8771,+3.4427,0.680,0.690,0.310,0.320,0.990,1.010,Down,40.00,210.44,0.5025,0.5780,1.0805,-0.681,0,parity_gap,hedge_topup,medium,Down,momentum_dscore,
btc-updown-5m-1777468500,40,13,BUY,Up,49.0000,0.6900,33.8100,7.8851,+0.2557,+0.7301,+0.6822,+3.5200,0.720,0.730,0.270,0.280,0.990,1.010,Down,40.00,255.44,0.5025,0.5935,1.0960,-0.729,4,price_drift,requote_hedge,medium,Down,momentum_dscore,
btc-updown-5m-1777468500,42,14,BUY,Up,52.0000,0.7100,36.9200,7.9954,+0.1103,+0.6323,+0.4642,+3.2578,0.580,0.590,0.410,0.420,0.990,1.010,Down,40.00,304.44,0.5025,0.6090,1.1115,-0.768,2,price_drift,requote_hedge,medium,Down,momentum_dscore,
btc-updown-5m-1777468500,74,15,BUY,Up,0.9300,0.5200,0.4836,6.8255,-1.1698,+0.4807,+0.4828,+1.7307,0.570,0.580,0.420,0.430,0.990,1.010,Down,40.00,356.44,0.5025,0.6237,1.1262,-0.798,32,signal_flip,opener_dom,high,Down,momentum_dscore,
btc-updown-5m-1777468500,74,16,BUY,Up,40.0000,0.4800,19.2000,6.8255,+0.0000,+0.4807,+0.4828,+1.7307,0.570,0.580,0.420,0.430,0.990,1.010,Up,357.37,40.00,0.6235,0.5025,1.1260,+0.799,0,avg_down_edge,avg_down,high,Down,momentum_dscore,
btc-updown-5m-1777468500,74,17,BUY,Up,40.0000,0.4800,19.2000,6.8255,+0.0000,+0.4807,+0.4828,+1.7307,0.570,0.580,0.420,0.430,0.990,1.010,Up,397.37,40.00,0.6090,0.5025,1.1115,+0.817,0,unknown,unknown,low,Down,momentum_dscore,
btc-updown-5m-1777468500,84,18,BUY,Down,31.5700,0.4579,14.4565,7.1831,+0.3576,+0.4977,+0.2575,+1.7345,0.510,0.520,0.480,0.490,0.990,1.010,Up,437.37,40.00,0.5972,0.5025,1.0997,+0.832,10,price_drift,requote_hedge,medium,Down,momentum_dscore,
btc-updown-5m-1777468500,84,19,BUY,Down,40.0000,0.4500,18.0000,7.1831,+0.0000,+0.4977,+0.2575,+1.7345,0.510,0.520,0.480,0.490,0.990,1.010,Up,437.37,71.57,0.5972,0.4828,1.0801,+0.719,0,parity_gap,hedge_topup,medium,Down,momentum_dscore,
btc-updown-5m-1777468500,118,20,BUY,Down,35.0000,0.4800,16.8000,6.0086,-1.1746,+0.4052,-0.0481,+1.1492,0.420,0.430,0.570,0.580,0.990,1.010,Up,437.37,111.57,0.5972,0.4711,1.0683,+0.594,34,signal_flip,opener_dom,high,Down,momentum_dscore,
btc-updown-5m-1777468500,118,21,BUY,Down,20.0000,0.4600,9.2000,6.0086,+0.0000,+0.4052,-0.0481,+1.1492,0.420,0.430,0.570,0.580,0.990,1.010,Down,146.57,437.37,0.4732,0.5972,1.0704,-0.498,0,avg_down_edge,avg_down,high,Down,momentum_dscore,
btc-updown-5m-1777468500,132,22,BUY,Up,19.0000,0.4900,9.3100,6.8469,+0.8383,+0.4992,+0.4967,+1.7279,0.590,0.600,0.400,0.410,0.990,1.010,Down,166.57,437.37,0.4716,0.5972,1.0688,-0.448,14,price_drift,requote_hedge,medium,Down,momentum_dscore,
btc-updown-5m-1777468500,132,23,BUY,Up,0.7000,0.5000,0.3500,6.8469,+0.0000,+0.4992,+0.4967,+1.7279,0.590,0.600,0.400,0.410,0.990,1.010,Down,166.57,456.37,0.4716,0.5928,1.0644,-0.465,0,price_drift,requote_hedge,medium,Down,momentum_dscore,
btc-updown-5m-1777468500,140,24,BUY,Up,43.0000,0.6300,27.0900,7.2564,+0.4095,+0.5187,+0.6491,+1.9518,0.630,0.640,0.360,0.370,0.990,1.010,Down,166.57,457.07,0.4716,0.5926,1.0642,-0.466,8,price_drift,requote_hedge,medium,Down,momentum_dscore,
btc-updown-5m-1777468500,142,25,BUY,Up,44.0000,0.6300,27.7200,7.2752,+0.0188,+0.5025,+0.4818,+1.8536,0.630,0.640,0.360,0.370,0.990,1.010,Down,166.57,500.07,0.4716,0.5958,1.0674,-0.500,2,parity_gap,hedge_topup,medium,Down,momentum_dscore,
btc-updown-5m-1777468500,142,26,BUY,Up,46.0000,0.6300,28.9800,7.2752,+0.0000,+0.5025,+0.4818,+1.8536,0.630,0.640,0.360,0.370,0.990,1.010,Down,166.57,544.07,0.4716,0.5986,1.0702,-0.531,0,parity_gap,hedge_topup,medium,Down,momentum_dscore,
btc-updown-5m-1777468500,156,27,BUY,Up,51.0000,0.7002,35.7090,7.6036,+0.3284,+0.3635,-0.3000,+1.6698,0.670,0.680,0.320,0.330,0.990,1.010,Down,166.57,590.07,0.4716,0.6010,1.0727,-0.560,14,price_drift,requote_hedge,medium,Down,momentum_dscore,
btc-updown-5m-1777468500,158,28,BUY,Down,51.0000,0.2500,12.7500,7.4092,-0.1944,+0.3233,-0.3893,+1.5301,0.650,0.660,0.340,0.350,0.990,1.010,Down,166.57,641.07,0.4716,0.6089,1.0805,-0.588,2,price_drift,requote_dom,medium,Down,momentum_dscore,
btc-updown-5m-1777468500,166,29,BUY,Up,49.0000,0.6772,33.1840,7.3367,-0.0726,+0.3419,+0.3321,+1.7137,0.700,0.710,0.290,0.300,0.990,1.010,Down,217.57,641.07,0.4197,0.6089,1.0286,-0.493,8,price_drift,requote_hedge,medium,Down,momentum_dscore,
btc-updown-5m-1777468500,166,30,BUY,Up,46.0000,0.6600,30.3600,7.3367,+0.0000,+0.3419,+0.3321,+1.7137,0.700,0.710,0.290,0.300,0.990,1.010,Down,217.57,690.07,0.4197,0.6138,1.0334,-0.521,0,price_drift,requote_hedge,medium,Down,momentum_dscore,
btc-updown-5m-1777468500,172,31,BUY,Down,44.0000,0.3112,13.6924,6.4129,-0.9238,+0.0734,-0.6561,+0.4515,0.620,0.630,0.370,0.380,0.990,1.010,Down,217.57,736.07,0.4197,0.6167,1.0363,-0.544,6,price_drift,requote_dom,medium,Down,momentum_dscore,
btc-updown-5m-1777468500,182,32,BUY,Up,16.1290,0.6900,11.1290,6.6245,+0.2116,+0.0965,-0.2357,+0.4819,0.720,0.730,0.270,0.280,0.990,1.010,Down,261.57,736.07,0.4014,0.6167,1.0181,-0.476,10,price_drift,requote_hedge,medium,Down,momentum_dscore,
btc-updown-5m-1777468500,194,33,BUY,Up,58.0000,0.7600,44.0800,7.1707,+0.5462,+0.1630,+0.6907,+0.8699,0.820,0.830,0.170,0.180,0.990,1.010,Down,261.57,752.20,0.4014,0.6182,1.0197,-0.484,12,price_drift,requote_hedge,medium,Down,momentum_dscore,
btc-updown-5m-1777468500,196,34,BUY,Up,11.1100,0.7900,8.7769,7.2303,+0.0597,+0.1630,+0.5297,+0.8689,0.830,0.840,0.160,0.170,0.990,1.010,Down,261.57,810.20,0.4014,0.6284,1.0298,-0.512,2,price_drift,requote_hedge,medium,Down,momentum_dscore,
btc-updown-5m-1777468500,196,35,BUY,Up,71.0000,0.7940,56.3709,7.2303,+0.0000,+0.1630,+0.5297,+0.8689,0.830,0.840,0.160,0.170,0.990,1.010,Down,261.57,821.31,0.4014,0.6306,1.0320,-0.517,0,parity_gap,hedge_topup,medium,Down,momentum_dscore,
btc-updown-5m-1777468500,196,36,BUY,Up,5.0000,0.7900,3.9500,7.2303,+0.0000,+0.1630,+0.5297,+0.8689,0.830,0.840,0.160,0.170,0.990,1.010,Down,261.57,892.31,0.4014,0.6436,1.0450,-0.547,0,parity_gap,hedge_topup,medium,Down,momentum_dscore,
btc-updown-5m-1777468500,196,37,BUY,Up,41.4900,0.7900,32.7771,7.2303,+0.0000,+0.1630,+0.5297,+0.8689,0.830,0.840,0.160,0.170,0.990,1.010,Down,261.57,897.31,0.4014,0.6444,1.0458,-0.549,0,parity_gap,hedge_topup,medium,Down,momentum_dscore,
btc-updown-5m-1777468500,232,38,BUY,Down,12.6000,0.1300,1.6380,6.2896,-0.9407,-0.2291,-0.8813,-3.6838,0.850,0.860,0.140,0.150,0.990,1.010,Down,261.57,938.80,0.4014,0.6508,1.0522,-0.564,36,price_drift,requote_dom,medium,Down,momentum_dscore,
btc-updown-5m-1777468500,232,39,BUY,Down,8.0000,0.1300,1.0400,6.2896,+0.0000,-0.2291,-0.8813,-3.6838,0.850,0.860,0.140,0.150,0.990,1.010,Down,274.17,938.80,0.3889,0.6508,1.0398,-0.548,0,unknown,unknown,low,Down,momentum_dscore,
btc-updown-5m-1777468500,232,40,BUY,Down,78.0000,0.1400,10.9200,6.2896,+0.0000,-0.2291,-0.8813,-3.6838,0.850,0.860,0.140,0.150,0.990,1.010,Down,282.17,938.80,0.3816,0.6508,1.0324,-0.538,0,price_drift,requote_dom,medium,Down,momentum_dscore,
btc-updown-5m-1777468500,232,41,BUY,Up,154.0000,0.9209,141.8224,6.2896,+0.0000,-0.2291,-0.8813,-3.6838,0.850,0.860,0.140,0.150,0.990,1.010,Down,360.17,938.80,0.3293,0.6508,0.9801,-0.445,0,price_drift,requote_hedge,medium,Down,momentum_dscore,
btc-updown-5m-1777468500,232,42,BUY,Down,1.2529,0.1300,0.1629,6.2896,+0.0000,-0.2291,-0.8813,-3.6838,0.850,0.860,0.140,0.150,0.990,1.010,Down,360.17,1092.80,0.3293,0.6889,1.0182,-0.504,0,unknown,unknown,low,Down,momentum_dscore,
btc-updown-5m-1777468500,232,43,BUY,Down,14.0000,0.1300,1.8200,6.2896,+0.0000,-0.2291,-0.8813,-3.6838,0.850,0.860,0.140,0.150,0.990,1.010,Down,361.42,1092.80,0.3286,0.6889,1.0175,-0.503,0,unknown,unknown,low,Down,momentum_dscore,
btc-updown-5m-1777468500,232,44,BUY,Down,1.1494,0.1300,0.1494,6.2896,+0.0000,-0.2291,-0.8813,-3.6838,0.850,0.860,0.140,0.150,0.990,1.010,Down,375.42,1092.80,0.3212,0.6889,1.0101,-0.489,0,unknown,unknown,low,Down,momentum_dscore,
btc-updown-5m-1777468500,232,45,BUY,Down,22.9885,0.1300,2.9885,6.2896,+0.0000,-0.2291,-0.8813,-3.6838,0.850,0.860,0.140,0.150,0.990,1.010,Down,376.57,1092.80,0.3206,0.6889,1.0095,-0.487,0,unknown,unknown,low,Down,momentum_dscore,
btc-updown-5m-1777468500,232,46,BUY,Down,14.0000,0.1300,1.8200,6.2896,+0.0000,-0.2291,-0.8813,-3.6838,0.850,0.860,0.140,0.150,0.990,1.010,Down,399.56,1092.80,0.3096,0.6889,0.9985,-0.465,0,unknown,unknown,low,Down,momentum_dscore,
btc-updown-5m-1777468500,232,47,BUY,Up,122.0000,0.8956,109.2614,6.2896,+0.0000,-0.2291,-0.8813,-3.6838,0.850,0.860,0.140,0.150,0.990,1.010,Down,413.56,1092.80,0.3036,0.6889,0.9924,-0.451,0,price_drift,requote_hedge,medium,Down,momentum_dscore,
btc-updown-5m-1777468500,232,48,BUY,Down,14.0000,0.1300,1.8200,6.2896,+0.0000,-0.2291,-0.8813,-3.6838,0.850,0.860,0.140,0.150,0.990,1.010,Down,413.56,1214.80,0.3036,0.7096,1.0132,-0.492,0,unknown,unknown,low,Down,momentum_dscore,
btc-updown-5m-1777468500,242,49,BUY,Down,58.0000,0.2100,12.1800,5.8642,-0.4254,-0.2470,-0.5253,-4.0888,0.800,0.810,0.190,0.200,0.990,1.010,Down,427.56,1214.80,0.2979,0.7096,1.0075,-0.479,10,price_drift,requote_dom,medium,Down,momentum_dscore,
btc-updown-5m-1777468500,256,50,BUY,Up,50.4100,0.9400,47.3854,6.0412,+0.1769,-0.2708,+0.3099,-4.3980,0.940,0.950,0.050,0.060,0.990,1.010,Down,485.56,1214.80,0.2874,0.7096,0.9970,-0.429,14,pre_resolve_scoop,scoop,high,Down,momentum_dscore,
btc-updown-5m-1777468500,264,51,BUY,Up,344.0000,0.9634,331.3996,6.0739,+0.0328,-0.2994,+0.1766,-4.7479,0.970,0.980,0.020,0.030,0.990,1.010,Down,485.56,1265.21,0.2874,0.7188,1.0062,-0.445,8,pre_resolve_scoop,scoop,high,Down,momentum_dscore,
btc-updown-5m-1777468500,264,52,BUY,Up,510.0000,0.9733,496.3933,6.0739,+0.0000,-0.2994,+0.1766,-4.7479,0.970,0.980,0.020,0.030,0.990,1.010,Down,485.56,1609.21,0.2874,0.7711,1.0585,-0.536,0,pre_resolve_scoop,scoop,high,Down,momentum_dscore,
btc-updown-5m-1777468500,274,53,BUY,Down,344.0000,0.0200,6.8800,5.3918,-0.6822,-0.3730,-0.1717,-5.7268,0.870,0.880,0.120,0.130,0.990,1.010,Down,485.56,2119.21,0.2874,0.8198,1.1071,-0.627,10,price_drift,requote_dom,medium,Down,momentum_dscore,
btc-updown-5m-1777468500,282,54,BUY,Down,5.7471,0.1300,0.7471,7.1350,+1.7432,+0.3190,-0.1355,+1.6193,0.910,0.920,0.080,0.090,0.990,1.010,Down,829.56,2119.21,0.1765,0.8198,0.9963,-0.437,8,price_drift,requote_dom,medium,Down,momentum_dscore,
btc-updown-5m-1777468500,282,55,BUY,Down,1.1494,0.1300,0.1494,7.1350,+0.0000,+0.3190,-0.1355,+1.6193,0.910,0.920,0.080,0.090,0.990,1.010,Down,835.31,2119.21,0.1762,0.8198,0.9959,-0.435,0,unknown,unknown,low,Down,momentum_dscore,
btc-updown-5m-1777468500,282,56,BUY,Up,122.0000,0.8765,106.9372,7.1350,+0.0000,+0.3190,-0.1355,+1.6193,0.910,0.920,0.080,0.090,0.990,1.010,Down,836.46,2119.21,0.1761,0.8198,0.9959,-0.434,0,price_drift,requote_hedge,medium,Down,momentum_dscore,
btc-updown-5m-1777468500,282,57,BUY,Down,11.4942,0.1300,1.4943,7.1350,+0.0000,+0.3190,-0.1355,+1.6193,0.910,0.920,0.080,0.090,0.990,1.010,Down,836.46,2241.21,0.1761,0.8229,0.9990,-0.456,0,unknown,unknown,low,Down,momentum_dscore,
btc-updown-5m-1777468500,282,58,BUY,Down,35.1200,0.1300,4.5656,7.1350,+0.0000,+0.3190,-0.1355,+1.6193,0.910,0.920,0.080,0.090,0.990,1.010,Down,847.95,2241.21,0.1755,0.8229,0.9983,-0.451,0,unknown,unknown,low,Down,momentum_dscore,
btc-updown-5m-1777468500,282,59,BUY,Down,34.4713,0.1300,4.4813,7.1350,+0.0000,+0.3190,-0.1355,+1.6193,0.910,0.920,0.080,0.090,0.990,1.010,Down,883.07,2241.21,0.1737,0.8229,0.9965,-0.435,0,unknown,unknown,low,Down,momentum_dscore,
btc-updown-5m-1777468500,282,60,BUY,Down,83.0000,0.1400,11.6200,7.1350,+0.0000,+0.3190,-0.1355,+1.6193,0.910,0.920,0.080,0.090,0.990,1.010,Down,917.54,2241.21,0.1720,0.8229,0.9949,-0.419,0,unknown,unknown,low,Down,momentum_dscore,
